blueTop,blueJungle,blueMid,blueADC,blueSupport,redTop,redJungle,redMid,redADC,redSupport,blueWin
Renekton,Nidalee,Ryze,Yunara,Alistar,Gangplank,Briar,Azir,Corki,Rakan,1
Aurora,Vi,Ryze,Ashe,Leblanc,DrMundo,JarvanIV,Anivia,Lucian,Nami,1
Malphite,Graves,Quinn,Ezreal,Bard,Aurora,LeeSin,Fizz,Caitlyn,Karma,1
Fiora,JarvanIV,Ryze,Jhin,Bard,Gangplank,LeeSin,Galio,Yunara,Karma,1
Ambessa,Vi,Ryze,MissFortune,Neeko,Anivia,Lillia,Yasuo,Yunara,Leona,1
Lulu,Jax,Sylas,Ezreal,Rell,Kennen,Briar,Ryze,Sivir,Maokai,0
Anivia,Briar,Ryze,Sivir,Karma,Teemo,Khazix,Orianna,Ezreal,Alistar,0
Sion,Talon,Leblanc,Aphelios,Karma,Gnar,Nocturne,Ryze,Yunara,Lulu,0
Yorick,Shen,Ryze,Yunara,Poppy,Aurora,JarvanIV,Cassiopeia,Ezreal,Karma,0
Yorick,LeeSin,Neeko,Jhin,Camille,Jayce,JarvanIV,Ryze,Mel,Pantheon,1
Jax,XinZhao,Aurora,Jinx,Lulu,Gnar,Nocturne,Ryze,Yunara,Rakan,0
Ambessa,JarvanIV,Ryze,Kaisa,Blitzcrank,Jax,Viego,Orianna,Ezreal,Bard,1
Ambessa,Ivern,Orianna,Ezreal,Bard,Rumble,JarvanIV,Azir,Varus,Leblanc,1
Vayne,Graves,Galio,Lucian,Neeko,RekSai,Zac,Anivia,Ashe,Seraphine,0
Teemo,Naafiri,Velkoz,Ashe,Camille,Maokai,JarvanIV,Ahri,Draven,Anivia,0
Gangplank,Vi,Aurora,Draven,Blitzcrank,Sion,XinZhao,Xerath,Cassiopeia,Jax,1
Gangplank,FiddleSticks,Anivia,Ashe,Pantheon,Udyr,Ambessa,Ryze,Ezreal,Nidalee,0
KSante,Vi,Orianna,Varus,Nautilus,Skarner,Ivern,TwistedFate,Yunara,Alistar,1
Riven,LeeSin,Orianna,Kaisa,Nautilus,Kennen,Graves,Zed,Seraphine,Rell,1
Jayce,Maokai,Galio,Yunara,Soraka,Shyvana,Ambessa,Ryze,Lucian,Nami,0
Vayne,Shen,Taliyah,Xayah,Anivia,Aurora,Jax,Yasuo,Jhin,Leona,1
Sion,Karthus,Qiyana,Ezreal,Camille,KSante,Nocturne,Vex,Mel,Blitzcrank,1
Yorick,Ambessa,Fizz,Yunara,Lulu,Renekton,Viego,Ahri,Vayne,Rell,0
Yorick,LeeSin,Annie,Sivir,Yuumi,Kennen,Belveth,Orianna,Ezreal,Alistar,0
Renekton,Rengar,Belveth,Ezreal,Anivia,Sion,FiddleSticks,Corki,Kaisa,Rell,1
Kennen,Pantheon,Varus,Ashe,Anivia,Renekton,Ekko,Azir,Yunara,Lulu,1
Yorick,Zyra,Zeri,Jinx,Nautilus,Renekton,Ambessa,Varus,Yunara,Alistar,1
Kennen,Brand,Zed,Xayah,Braum,Renekton,Ambessa,Anivia,Vladimir,Leona,0
Jax,Kindred,Akshan,Ezreal,Rell,DrMundo,Nidalee,Yone,MissFortune,Neeko,0
Ambessa,Viego,Gwen,Jhin,Rumble,Jax,Naafiri,Aurora,Mel,Alistar,0
Renekton,Nidalee,Tristana,Corki,Bard,Ryze,Belveth,Akali,Lucian,Yuumi,1
Renekton,JarvanIV,Mel,Yunara,Elise,Zaahen,Nidalee,Azir,Aphelios,Thresh,1
Renekton,Graves,Viktor,Mel,Shen,Ambessa,Pantheon,Syndra,Seraphine,Poppy,0
Gnar,Nidalee,Viktor,Jhin,Bard,Yorick,Skarner,Sylas,Lucian,Taric,1
Camille,Ivern,Aurora,Yunara,Pantheon,Gnar,JarvanIV,Viktor,Ezreal,Sona,0
Sion,Rengar,TwistedFate,Tristana,Senna,Renekton,Nidalee,Ahri,Yunara,Karma,0
Renekton,Vi,Ahri,Kaisa,Pyke,DrMundo,Nocturne,Mel,Jhin,Bard,1
Yasuo,XinZhao,Fizz,Yunara,Rakan,Rumble,JarvanIV,Hwei,Tristana,Poppy,1
Rumble,Pantheon,Syndra,Ezreal,Karma,Renekton,Talon,Ryze,Jhin,Anivia,1
Vayne,Vi,Taliyah,Swain,Alistar,Yasuo,Pantheon,Ahri,Kaisa,Rell,1
DrMundo,Nidalee,Jayce,Ezreal,Bard,Quinn,Vi,Aurora,Yunara,Pyke,0
Sion,Nidalee,Yone,Aphelios,Braum,Fiora,Sylas,Ahri,Swain,Camille,1
Darius,Vi,Ahri,Ezreal,Karma,Jax,Nidalee,Akshan,Yunara,Nautilus,0
Quinn,Nidalee,Vladimir,Kalista,Bard,Aurora,RekSai,Ryze,Yunara,Janna,0
Darius,Nidalee,Yone,Singed,Nautilus,Urgot,Ambessa,Aurora,Jhin,Karma,1
Ambessa,Nidalee,Singed,Jhin,Karma,Poppy,Kindred,Karthus,Ezreal,Nautilus,1
Renekton,JarvanIV,Orianna,Yunara,Swain,Warwick,Ambessa,Brand,Jhin,Leona,1
Vladimir,FiddleSticks,Jayce,Yunara,Alistar,Poppy,Sylas,Orianna,Corki,Swain,1
Poppy,Nidalee,Jayce,Karthus,FiddleSticks,KSante,Briar,Ahri,Lucian,Yuumi,1
Khazix,Taliyah,Corki,Velkoz,Lulu,Sylas,Graves,Leblanc,Ashe,Hwei,1
Jax,Ambessa,Taliyah,Jhin,Blitzcrank,Chogath,Graves,Leblanc,Varus,Galio,0
KSante,Qiyana,Ryze,Ashe,Seraphine,Pantheon,Graves,Ekko,Sivir,Alistar,0
Renekton,Graves,Azir,MissFortune,Rell,Jayce,Qiyana,Ahri,Jhin,Blitzcrank,0
Zaahen,Pantheon,Sylas,Lucian,Elise,Gnar,Karthus,Talon,Velkoz,Nautilus,1
Vayne,Nocturne,Galio,Ezreal,Anivia,Jayce,Vi,Leblanc,Lucian,Braum,0
Zed,Qiyana,Sion,Ziggs,Pyke,Ornn,Naafiri,Anivia,Varus,Elise,1
Rumble,Qiyana,TwistedFate,Varus,Braum,KSante,Graves,Chogath,Tristana,Nautilus,0
Riven,Karthus,Viktor,Jhin,Xerath,Darius,Qiyana,Ahri,Jinx,Thresh,0
Renekton,Karthus,TwistedFate,Jhin,Nautilus,Jayce,JarvanIV,Katarina,Ezreal,Anivia,0
Anivia,Jayce,Zoe,Jhin,Blitzcrank,Renekton,Ambessa,Aurora,Yunara,Lulu,1
Ambessa,JarvanIV,Ryze,Jhin,Elise,Udyr,Talon,Galio,Corki,Leblanc,1
Gnar,Nocturne,Akali,Yunara,Lulu,KSante,Zyra,Naafiri,Corki,Nami,1
Garen,XinZhao,Zoe,Jhin,Sylas,Quinn,Ambessa,Ryze,Xerath,Senna,1
Udyr,LeeSin,Ryze,Sivir,Braum,Garen,Graves,Galio,Draven,Nautilus,1
Ambessa,Zyra,Aurora,Jhin,Nautilus,Renekton,Nidalee,Diana,Yunara,Lulu,0
Zaahen,LeeSin,Azir,Yunara,Lulu,Urgot,Graves,Galio,Cassiopeia,Nautilus,0
Renekton,Lillia,Olaf,Ezreal,Yuumi,Ambessa,Naafiri,Tristana,Swain,Bard,0
Jayce,JarvanIV,Gragas,MissFortune,Bard,Sion,Sylas,Viego,Ashe,Seraphine,1
Sejuani,XinZhao,Ryze,Varus,Syndra,Teemo,LeeSin,Ahri,Jhin,Rammus,1
Jax,Evelynn,Ahri,Sivir,Alistar,Rumble,Vi,Vex,Jhin,Shaco,1
Fiora,JarvanIV,Galio,Karthus,Blitzcrank,Renekton,Ambessa,Aurora,Sivir,Senna,0
Shen,LeeSin,Yone,Mel,Bard,Gnar,Lillia,Ryze,Yunara,Maokai,1
Renekton,Nidalee,Azir,Yunara,Braum,Aatrox,LeeSin,Mel,Ashe,Leona,0
Zaahen,RekSai,Ahri,Yunara,Nautilus,Jayce,Graves,Singed,Jhin,Anivia,0
Lulu,Sylas,Akshan,Yunara,Nautilus,Ambessa,Talon,Galio,Caitlyn,Bard,1
Jayce,Pantheon,Aurora,Kaisa,Anivia,Camille,Graves,Galio,Ezreal,Bard,0
Malphite,Belveth,Naafiri,Ezreal,Anivia,Lissandra,XinZhao,Aurora,Sivir,Lulu,0
Vayne,Nocturne,Mel,Swain,Nautilus,Teemo,Qiyana,Zoe,Varus,Vex,1
Anivia,LeeSin,Yasuo,Caitlyn,Braum,Singed,Nidalee,Akali,Jinx,Nautilus,1
Vayne,Ambessa,Singed,Ezreal,Shen,Darius,JarvanIV,Ryze,Nilah,Anivia,0
Sejuani,Jayce,Azir,Ezreal,Karma,Renekton,LeeSin,Annie,Yunara,Bard,0
Gwen,Ambessa,Aurora,Corki,Elise,Olaf,Nasus,Anivia,Sivir,Thresh,1
Poppy,Khazix,Ryze,Varus,Lissandra,Jayce,Taliyah,Sion,Mel,Nautilus,0
Ambessa,Gwen,Neeko,Corki,Pyke,Vayne,LeeSin,Annie,Yunara,Leona,0
Fiora,JarvanIV,Malzahar,Jhin,Camille,Shen,XinZhao,Ryze,Varus,Karma,1
Skarner,LeeSin,Galio,Corki,Nami,Gnar,XinZhao,Yasuo,Yunara,Lulu,1
Lulu,Ambessa,Ryze,Kaisa,Neeko,Gnar,Briar,Lissandra,Ezreal,Blitzcrank,0
Gnar,XinZhao,Qiyana,Kaisa,Rakan,Yone,Graves,Cassiopeia,Aphelios,Maokai,1
Akali,Graves,Talon,Ashe,Braum,Olaf,LeeSin,Anivia,Ezreal,Xerath,0
Lucian,Vi,Taliyah,Draven,Leona,Jayce,JarvanIV,Leblanc,Twitch,Nautilus,0
Gnar,LeeSin,Xerath,Senna,Karma,Vayne,Ambessa,Aurora,Ezreal,Nautilus,1
Vayne,Khazix,Hwei,Mel,Leona,Malphite,Ambessa,Ryze,Ezreal,Maokai,0
Vladimir,Khazix,Viktor,Ezreal,Karma,Aatrox,XinZhao,Orianna,Varus,Zyra,1
Sion,Graves,Sylas,Varus,Poppy,Gwen,Kindred,Ryze,Kaisa,Alistar,0
Malphite,Nidalee,Yone,Draven,Alistar,Sylas,Jayce,Taliyah,Varus,Annie,1
Irelia,Elise,Gangplank,Ezreal,Bard,Renekton,Fizz,Aurora,Sivir,Karma,1
Gangplank,Graves,Yone,Swain,Nautilus,Jax,RekSai,Malzahar,Corki,Braum,1
DrMundo,XinZhao,Malzahar,Ashe,Cassiopeia,Illaoi,Hecarim,Anivia,Mel,Nautilus,1
Gangplank,Hecarim,Singed,Mel,Seraphine,DrMundo,Vi,Talon,Teemo,Bard,1
Ambessa,Briar,Sylas,Ashe,Nautilus,Jayce,DrMundo,Yasuo,Ezreal,Alistar,0
Gangplank,Maokai,Yasuo,Jhin,Bard,Warwick,Naafiri,Azir,Ashe,Anivia,0
Jayce,XinZhao,Akali,Ashe,Seraphine,Gangplank,LeeSin,Sylas,Yasuo,Rell,0
Ryze,Pantheon,Katarina,Yunara,Senna,Gangplank,Graves,Annie,MissFortune,Karma,1
Fiora,Ivern,Varus,Jhin,Nautilus,Gangplank,Evelynn,Naafiri,Caitlyn,Thresh,1
Gangplank,Nidalee,Pantheon,Yunara,Leona,Ambessa,Nocturne,Viktor,Jinx,Thresh,1
Gangplank,Diana,Talon,Senna,Alistar,Darius,Gwen,Viktor,Kaisa,Anivia,1
Ryze,Pantheon,Yone,Yunara,Maokai,Gangplank,Kindred,Galio,Ezreal,Karma,0
Ambessa,RekSai,Zilean,Senna,Alistar,Gangplank,XinZhao,Akali,Lucian,Rengar,0
Yasuo,Zyra,Yone,Yunara,Seraphine,Jayce,RekSai,Syndra,MissFortune,Nautilus,1
Gwen,Hecarim,Yone,Sivir,Bard,Gangplank,Briar,Akali,Varus,Taric,0
Zaahen,Qiyana,Lux,Sivir,Alistar,Gangplank,LeeSin,Zoe,Aphelios,Bard,1
Gangplank,JarvanIV,Ryze,Ashe,Braum,KSante,Vi,Syndra,Jhin,Gragas,0
Kennen,LeeSin,Sylas,MissFortune,Taric,Gangplank,Vi,Taliyah,Ezreal,Alistar,1
MonkeyKing,Briar,Aurora,Varus,Anivia,Jayce,Taliyah,Xerath,Ezreal,Leona,1
KSante,FiddleSticks,Anivia,Ezreal,Bard,Kayle,Taliyah,Akshan,Draven,Sona,0
Anivia,Briar,Jayce,Aphelios,Thresh,Sion,Karthus,Belveth,Ezreal,Rell,0
Viktor,Briar,Viego,Ezreal,Cassiopeia,Riven,FiddleSticks,Kennen,Kaisa,Camille,0
Gnar,Briar,Sylas,Xayah,Elise,Garen,Ekko,Orianna,Yunara,Thresh,1
Mordekaiser,Belveth,Zoe,Sivir,Poppy,Malphite,MasterYi,Mel,Yunara,Braum,1
Ambessa,JarvanIV,Galio,Yunara,Braum,Khazix,Briar,Aurora,Xayah,Bard,0
Irelia,LeeSin,Annie,Xayah,Bard,KSante,Briar,Zoe,Ezreal,Janna,0
Jayce,Vi,AurelionSol,Yunara,Lulu,Singed,Briar,Anivia,Lucian,Nami,0
Jax,Vi,Taliyah,Ezreal,Nautilus,KSante,Briar,Viktor,Yasuo,Sylas,1
Renekton,Ambessa,TwistedFate,Ezreal,Pantheon,Riven,Taliyah,Irelia,Kalista,Senna,1
Ornn,Briar,Aurora,Ezreal,Pantheon,Gnar,RekSai,TwistedFate,Kaisa,Alistar,0
Sion,Pantheon,Sylas,Yunara,Camille,Malphite,JarvanIV,Irelia,Xayah,Pyke,0
Ryze,LeeSin,Aurora,Varus,Bard,Leblanc,Briar,Mel,Ezreal,Veigar,1
Irelia,Zaahen,Hwei,Mel,Pantheon,Aurora,Briar,Azir,Kaisa,Leona,1
Jayce,JarvanIV,TwistedFate,Sivir,Senna,Irelia,Nidalee,Mel,Ezreal,Soraka,0
DrMundo,Pantheon,Annie,Yunara,Sylas,Aatrox,Olaf,Ahri,Varus,Karma,1
KSante,Talon,Akshan,Kaisa,Nautilus,Olaf,Ekko,Tristana,Ezreal,Anivia,1
Irelia,Pantheon,Katarina,Yunara,Lulu,Ambessa,Taliyah,Jayce,Tristana,Nautilus,0
Rumble,Ambessa,Aurora,Ezreal,Seraphine,Anivia,Fizz,Jayce,Ashe,Blitzcrank,0
Jayce,Nocturne,Zoe,Ezreal,Sylas,Sion,Zyra,Talon,Aphelios,Shen,1
Poppy,Taliyah,TwistedFate,Ezreal,Thresh,Aatrox,LeeSin,Annie,Kaisa,Anivia,0
Jayce,Briar,Ryze,Yunara,Poppy,Ambessa,Vi,Hwei,Velkoz,Rell,0
Gangplank,Kindred,Ryze,Jhin,Shen,Yasuo,Karthus,Yone,Varus,Sylas,0
Ambessa,Zyra,Galio,Jhin,Karma,Renekton,Skarner,Aurora,Ashe,Anivia,0
Gangplank,Ekko,Tristana,Ezreal,Nami,Fiora,Sylas,Jayce,Yunara,Karma,0
Yone,LeeSin,Orianna,Yunara,Lulu,Sion,Kayn,Sylas,Ezreal,Blitzcrank,1
Aurora,Kindred,Pantheon,Jhin,Janna,Rumble,JarvanIV,Talon,Varus,Neeko,1
DrMundo,Elise,TwistedFate,Ezreal,Pyke,Rumble,LeeSin,Galio,Yunara,Karma,1
Jax,Karthus,Mel,Ezreal,Bard,Gragas,Kindred,TwistedFate,Caitlyn,Brand,1
Yone,Skarner,Azir,Xayah,Shen,Sion,JarvanIV,Leblanc,Yunara,Karma,1
Vayne,Vi,Ryze,Sivir,Karma,Tristana,Viego,Sylas,Ezreal,Skarner,1
Renekton,Nidalee,Orianna,Ezreal,Karma,Sylas,Graves,Irelia,Lucian,Yuumi,0
Viktor,Kindred,Galio,Draven,Karma,Sion,Nidalee,Corki,Mel,Pantheon,0
Skarner,LeeSin,Orianna,Corki,Nami,Gnar,Kindred,Ryze,Yunara,Rell,0
Ambessa,Vi,Katarina,Lucian,Braum,Renekton,LeeSin,Vex,Kaisa,Neeko,0
Yorick,LeeSin,Malzahar,Kaisa,Neeko,Jayce,Skarner,Ahri,Ezreal,Karma,0
Ambessa,Zyra,Zed,Corki,Nami,RekSai,Pantheon,Galio,Yunara,Lulu,1
Lulu,Pantheon,Leblanc,Yunara,Neeko,Skarner,Ekko,Malzahar,Corki,Nami,0
Aatrox,LeeSin,Galio,Corki,Nautilus,Shen,FiddleSticks,Ekko,Ezreal,Karma,1
Gnar,LeeSin,TwistedFate,Ezreal,Anivia,Varus,Ambessa,Ryze,Kaisa,Neeko,1
Jayce,Pantheon,Ryze,Ezreal,Taric,Sion,XinZhao,Mel,Senna,Nautilus,0
Rumble,Shyvana,Yone,Lucian,Braum,Jayce,Rengar,Ryze,MissFortune,Bard,0
Gnar,Ambessa,Annie,Mel,Leona,Akali,JarvanIV,Orianna,Varus,Nautilus,0
Riven,Karthus,Tristana,Kaisa,Nautilus,Renekton,Ivern,Orianna,Jhin,Rell,1
Malzahar,Ambessa,Anivia,Yunara,Karma,FiddleSticks,Evelynn,Yone,Ashe,Nautilus,1
Anivia,Pantheon,Aurora,Caitlyn,Nautilus,KSante,JarvanIV,Galio,Varus,Xerath,1
Jayce,Pantheon,Aurora,Corki,Nami,Varus,Nocturne,Leblanc,Yunara,Elise,1
Jax,Viego,Ahri,Jhin,Mel,Yone,Karthus,TwistedFate,Caitlyn,Lux,0
Zaahen,Nidalee,Jayce,Yunara,Senna,Varus,Zyra,Yone,Lucian,Milio,1
Olaf,XinZhao,Annie,Varus,Renata,Jax,Vi,Ahri,Mel,Nautilus,1
Shen,Pantheon,Aurora,Ezreal,Karma,Jayce,Nidalee,Qiyana,Kaisa,Anivia,1
Yasuo,RekSai,Ahri,Velkoz,Karma,Malphite,Ekko,Jayce,Lucian,Lulu,1
Rumble,Shen,Akali,Lucian,Elise,Jayce,XinZhao,Lissandra,Kaisa,Leona,0
Zaahen,Kindred,Galio,Ezreal,Rammus,Poppy,Nidalee,Akali,Jhin,Alistar,0
Darius,Graves,Akshan,Taliyah,Blitzcrank,Kennen,Skarner,Yasuo,Ezreal,Anivia,1
Jax,Nocturne,Velkoz,Yunara,Yuumi,Yone,Nidalee,Yasuo,Kaisa,Taric,0
KSante,Pantheon,Akali,Caitlyn,Bard,Udyr,Vi,Aurora,Kaisa,Yasuo,1
Sion,Zyra,Orianna,Tristana,Shen,Renekton,Nidalee,Yone,Cassiopeia,Anivia,1
Jax,Viego,Akali,Jinx,Karma,Yone,Graves,Galio,Tristana,Elise,1
Zaahen,Nidalee,Akali,Kaisa,Nautilus,Swain,Ambessa,TwistedFate,Jinx,Lulu,0
Rumble,Vi,Vex,Vayne,Elise,Sion,Olaf,Akali,Xayah,Rakan,0
Gragas,Vi,Akali,Yunara,Nami,Kennen,XinZhao,Jayce,Aphelios,Pantheon,1
Jayce,Nocturne,Akali,Yunara,Milio,Yorick,Zed,Ryze,Jhin,Qiyana,0
Yone,JarvanIV,Aurora,MissFortune,Rell,Gnar,Elise,Yasuo,Varus,Alistar,1
Rumble,MasterYi,Yone,Ezreal,Hwei,Ryze,Ambessa,Akali,Jhin,Pyke,1
Udyr,Viego,Akali,Aphelios,Karma,Yone,Karthus,Qiyana,Kaisa,Neeko,1
Aatrox,Karthus,Corki,Aphelios,Leona,Renekton,Viego,AurelionSol,Hwei,Rakan,1
Renekton,Talon,Akali,Sivir,Poppy,Shyvana,Gragas,Yasuo,Syndra,Pyke,1
Volibear,Graves,TwistedFate,Ezreal,Blitzcrank,Singed,LeeSin,Akali,Caitlyn,Lissandra,0
Shen,Zyra,Hwei,Caitlyn,Bard,Jayce,Nidalee,Orianna,Ezreal,Karma,0
Darius,Ambessa,Xerath,Yasuo,Poppy,Zaahen,Kindred,Mel,Ezreal,Nautilus,0
FiddleSticks,Shyvana,Lux,Ziggs,Syndra,Akali,RekSai,Sylas,Kaisa,Leona,0
Ambessa,LeeSin,Syndra,AurelionSol,Bard,Jayce,Karthus,Sion,Tristana,Rammus,0
Zaahen,RekSai,Sylas,Jhin,Rammus,Yone,Skarner,Gwen,Ashe,Rell,0
Yasuo,Ivern,Aurora,Yunara,Nautilus,Irelia,Zac,Corki,Swain,Bard,1
Shen,Viego,Fizz,Samira,Pyke,Tryndamere,XinZhao,Vex,Smolder,Soraka,0
Shen,Nunu,Swain,Jhin,Zyra,Gnar,Hecarim,Sylas,Smolder,Nautilus,0
Jayce,Viego,Aurora,Sivir,Karma,Vladimir,JarvanIV,Ryze,Kaisa,Nautilus,1
KSante,Zyra,Yasuo,Ezreal,Karma,Vayne,Graves,Viktor,Swain,Bard,0
Volibear,Taliyah,Tryndamere,Ashe,Leona,KSante,JarvanIV,Mel,Swain,Alistar,1
Riven,Viego,Aurora,Ezreal,Leona,Gnar,JarvanIV,Brand,Yunara,Karma,1
Warwick,Nidalee,Irelia,Kaisa,Maokai,Shen,Olaf,Ahri,Jhin,Neeko,0
Jayce,LeeSin,Azir,Ashe,Thresh,Irelia,RekSai,Orianna,Yunara,Seraphine,0
Malphite,LeeSin,Akali,Ezreal,Karma,Aurora,Nocturne,Zoe,Caitlyn,Sona,0
Ahri,Ambessa,Talon,Sivir,Soraka,Irelia,RekSai,Taliyah,Ezreal,Karma,1
Yasuo,Jayce,TwistedFate,Jhin,Leona,Malphite,Chogath,Talon,Kaisa,Qiyana,0
KSante,Nunu,Mel,Varus,Karma,Olaf,Graves,Akali,Kaisa,Bard,1
Gragas,LeeSin,Galio,Kaisa,Neeko,Cassiopeia,Pantheon,Taliyah,Yunara,Lulu,1
KSante,Nidalee,Qiyana,Ezreal,Blitzcrank,Varus,XinZhao,Ryze,Yunara,Nautilus,0
Aatrox,Karthus,Leblanc,Varus,Blitzcrank,Gnar,Ambessa,Akshan,Jhin,Nautilus,0
Gangplank,LeeSin,Viktor,Sivir,Rakan,Irelia,JarvanIV,Orianna,MissFortune,Nautilus,0
Warwick,Pantheon,Galio,Lucian,Yuumi,Zaahen,Evelynn,Yone,Aphelios,Neeko,0
Jayce,Sylas,Talon,Lucian,Senna,Shen,Kayn,TwistedFate,Jhin,Rell,1
Sion,XinZhao,Orianna,Jhin,JarvanIV,Shen,Sylas,Jayce,Yunara,Thresh,1
Rumble,Pantheon,TwistedFate,Ezreal,Karma,Yorick,JarvanIV,Ryze,Mel,Bard,1
Skarner,Nidalee,Zed,Ezreal,Karma,Ambessa,Pantheon,Lissandra,Kaisa,Nautilus,1
Yorick,Graves,Azir,Varus,Nidalee,Jayce,Pantheon,Ahri,Aphelios,Nautilus,0
Vladimir,Vi,Taliyah,Yunara,Nautilus,Irelia,XinZhao,Aurora,MissFortune,Braum,0
Kled,Taliyah,Zoe,Corki,Rakan,Rumble,JarvanIV,Orianna,Ezreal,Senna,1
Olaf,Ambessa,Anivia,Varus,Lulu,DrMundo,Pantheon,Zoe,Yunara,Yuumi,0
Aurora,JarvanIV,Qiyana,Kaisa,Leona,Sion,Sylas,Talon,Zeri,Alistar,0
Ambessa,Viego,Orianna,Jhin,Anivia,Jayce,Sylas,Yasuo,Kaisa,Alistar,0
Kayle,LeeSin,Lissandra,Ashe,Lulu,Irelia,JarvanIV,Diana,Ezreal,Anivia,1
Pantheon,Nidalee,Yasuo,Kaisa,Nautilus,Vayne,Ambessa,Renekton,Ezreal,Braum,0
Ambessa,Graves,Aurora,Yunara,Nautilus,Kennen,Pantheon,Yone,Lucian,Nami,0
Gnar,Pantheon,Syndra,Ashe,Seraphine,Irelia,JarvanIV,Ryze,Ezreal,Neeko,0
DrMundo,JarvanIV,Ahri,Ezreal,Naafiri,Vayne,Nocturne,Xerath,Varus,Anivia,0
Nidalee,Nocturne,Ahri,Varus,Senna,Sion,Naafiri,Akali,Corki,Bard,1
Ambessa,XinZhao,Vex,Ezreal,Elise,Yorick,Olaf,Hwei,Ashe,Karma,1
Aatrox,Nocturne,Zoe,Ezreal,Bard,DrMundo,Vi,Aurora,Sivir,Karma,1
Vayne,Graves,Qiyana,Ezreal,Karma,DrMundo,MonkeyKing,Mel,Kaisa,Bard,0
Fiora,Ekko,Jayce,Jinx,Lux,Jax,Viego,Orianna,Ezreal,Karma,1
Singed,Nocturne,Syndra,Ezreal,Xerath,Vayne,Brand,Leblanc,Corki,Chogath,1
Zaahen,LeeSin,Hwei,Ashe,Seraphine,Garen,Rengar,Orianna,Tristana,Maokai,0
Anivia,LeeSin,Sylas,Ezreal,Bard,Aatrox,Graves,Aurora,Ashe,Seraphine,1
Jayce,Vi,Gragas,Cassiopeia,Amumu,Udyr,LeeSin,Lissandra,Mel,Anivia,1
Yorick,Talon,Ahri,Ezreal,Karma,Shen,Sejuani,Yasuo,Yunara,Lulu,0
Irelia,Elise,Smolder,Corki,Mel,Jayce,Ambessa,Aurora,Ezreal,Nami,1
Renekton,Nidalee,Talon,Yunara,Lulu,Riven,Ivern,Annie,Lucian,Anivia,1
Lissandra,Tryndamere,Yasuo,Caitlyn,Nautilus,Skarner,JarvanIV,Akali,Ashe,Karma,0
Vayne,Ambessa,Akali,Nilah,Yuumi,Jayce,Taliyah,Yasuo,Ezreal,Kennen,1
Rengar,Sylas,Akshan,Ezreal,Karma,Zaahen,DrMundo,Yone,Kaisa,Nautilus,1
Malphite,Graves,Zed,Jhin,Blitzcrank,Ornn,JarvanIV,Taliyah,Ashe,Nautilus,0
Jayce,XinZhao,Poppy,Yunara,Lulu,Varus,Pantheon,Sett,Ezreal,Elise,1
Renekton,Pantheon,Viktor,Twitch,Amumu,Jax,Talon,Anivia,Aphelios,Neeko,1
Mordekaiser,JarvanIV,Akshan,Senna,Leblanc,Gragas,Viego,Fizz,Jhin,Karma,0
Garen,Sylas,Akshan,Mel,Soraka,Jayce,LeeSin,Kassadin,Aphelios,Neeko,1
Fiora,XinZhao,Zeri,Sivir,Lulu,Darius,LeeSin,Ryze,Kaisa,Blitzcrank,1
Sion,Ambessa,Viktor,Xayah,Shen,Kled,Ekko,Naafiri,Yunara,JarvanIV,0
Rumble,XinZhao,Mel,Yunara,Braum,KSante,Karthus,Qiyana,Aphelios,Blitzcrank,0
Jayce,Zaahen,Galio,Jhin,Neeko,Poppy,Jax,Mel,Caitlyn,Pyke,0
Teemo,Talon,Lillia,Jhin,Blitzcrank,Zac,Ambessa,Xerath,Kaisa,Thresh,1
Gnar,Elise,Sylas,Jhin,JarvanIV,Jax,Hecarim,Ahri,Sivir,Pyke,1
Kalista,Vi,Zoe,Velkoz,JarvanIV,Yone,Qiyana,Leblanc,Jinx,Thresh,1
Akali,Belveth,Yone,Sivir,Janna,Nidalee,Shaco,Zoe,Vayne,Milio,0
KSante,Viego,Xerath,Jhin,Karma,Vayne,Naafiri,Zoe,Ezreal,Blitzcrank,0
Garen,Nidalee,Diana,Zeri,Rell,Vayne,Ambessa,Ryze,Yunara,Pyke,1
Yone,Udyr,Mel,Ezreal,Rakan,Kennen,Graves,Chogath,Sivir,Blitzcrank,0
Yone,Skarner,Anivia,Tristana,Trundle,Zaahen,Pantheon,Corki,Mel,Poppy,0
Yasuo,Karthus,Akali,Ashe,Blitzcrank,Sion,Zyra,Yone,Ezreal,Bard,0
Ambessa,Vi,Akali,Ezreal,Rakan,Gwen,RekSai,Talon,Yunara,Blitzcrank,0
Rengar,Graves,Veigar,Lucian,Yuumi,Sion,Viego,Orianna,Ezreal,Pyke,0
KSante,Vi,Katarina,Sivir,Karma,Volibear,Graves,Aurora,Ezreal,Trundle,0
Sion,LeeSin,Zoe,Aphelios,Lulu,Shen,Viego,Vex,MissFortune,Elise,1
Camille,Vi,Akali,Vex,Alistar,Yasuo,Ambessa,Ahri,Yunara,Morgana,1
Aatrox,Sylas,Aurora,Yunara,Braum,Fiora,LeeSin,Ahri,Vex,Senna,1
Warwick,DrMundo,Yone,Yunara,Galio,Teemo,LeeSin,Azir,Aphelios,FiddleSticks,1
Ambessa,Nocturne,Xerath,Vex,Blitzcrank,Gnar,Viego,Ahri,Jhin,Anivia,0
Nautilus,Hecarim,Ryze,Swain,Bard,Anivia,Graves,Vex,Corki,Maokai,0
Ambessa,Hecarim,Galio,Swain,Thresh,Renekton,Naafiri,Zed,Vex,Leona,0
Olaf,Riven,Viktor,Lucian,Singed,Renekton,Ambessa,Leblanc,Sivir,Pantheon,1
Anivia,Sylas,Tristana,Ashe,Braum,Singed,Nunu,Vex,Twitch,Karma,0
Gnar,Zyra,Yasuo,Corki,Braum,Vayne,Pantheon,Renekton,Vex,Anivia,1
Jax,Karthus,Corki,Jhin,Karma,Fiora,Nidalee,Yone,Ezreal,Pantheon,1
Yone,JarvanIV,Zoe,Sivir,Yuumi,Sion,Talon,Katarina,Vex,Anivia,0
Renekton,Viego,Akali,Karthus,Shen,Pantheon,Ambessa,Orianna,Yunara,Anivia,0
Fiora,Pantheon,Akali,Ezreal,Anivia,Yone,JarvanIV,Vex,Swain,Senna,1
Darius,Ambessa,Sylas,Ezreal,Braum,Rumble,Vi,Vex,Yunara,Alistar,0
Ambessa,LeeSin,Akshan,Vex,Gragas,Fiora,JarvanIV,Galio,Yunara,Neeko,0
KSante,Viego,Ryze,Mel,Karma,Ambessa,LeeSin,Katarina,Jhin,Maokai,1
Irelia,Belveth,Akshan,Jhin,Shaco,Karthus,LeeSin,Ryze,Jinx,Shen,0
Yasuo,LeeSin,Ahri,Yunara,Alistar,Irelia,JarvanIV,Akali,Draven,Thresh,1
Pantheon,Jax,Tristana,Ziggs,Nautilus,Jayce,XinZhao,Orianna,Xayah,Rell,1
Volibear,Nidalee,Sylas,Jhin,Zilean,Jax,LeeSin,Orianna,Jinx,Lulu,0
Yorick,Ekko,Corki,Aphelios,Thresh,Olaf,LeeSin,Malzahar,Yunara,Pantheon,1
KSante,Nidalee,Quinn,Ezreal,Braum,Gragas,XinZhao,Xerath,Ashe,Bard,0
Jax,XinZhao,Ahri,Cassiopeia,Yuumi,Gragas,Ekko,Yasuo,Lucian,Rakan,0
Cassiopeia,Shaco,Akshan,Varus,Karma,Yasuo,Lillia,Irelia,Ezreal,Pantheon,0
Olaf,Ambessa,Ahri,Jhin,Pyke,Akali,LeeSin,Orianna,Xayah,Pantheon,0
Ambessa,Kindred,Nunu,Corki,Pantheon,Vayne,JarvanIV,Orianna,Caitlyn,Morgana,0
Urgot,JarvanIV,Hwei,MissFortune,Braum,Gnar,XinZhao,Mel,Yunara,Pyke,0
Udyr,LeeSin,Ryze,Ezreal,Sona,Zac,Zed,Katarina,Kaisa,Blitzcrank,0
Yone,XinZhao,Ahri,Kaisa,Nautilus,Vladimir,MonkeyKing,Aurora,Ashe,Shaco,1
Jax,Karthus,Sion,Sivir,Thresh,Vladimir,JarvanIV,Mel,Ezreal,Leona,1
Gangplank,Nunu,Leblanc,Ezreal,Neeko,Jax,LeeSin,Zoe,Kalista,Rakan,0
Rumble,Graves,Galio,Jhin,Alistar,Gangplank,LeeSin,Hwei,Ezreal,Karma,1
DrMundo,Graves,Anivia,Varus,Maokai,Shen,Ekko,Yone,Jhin,Blitzcrank,1
Irelia,Rengar,Ryze,Ezreal,Karma,Poppy,Graves,Azir,Sivir,Rakan,1
Singed,Naafiri,Ryze,Ezreal,Karma,Vayne,Shen,Anivia,Kaisa,Zilean,1
Sett,Naafiri,Anivia,Kaisa,Lulu,Volibear,Vi,Neeko,Yunara,Sona,0
Ambessa,Diana,Akshan,Ezreal,Karma,Jayce,Sylas,Qiyana,Sivir,Ashe,0
Jax,Kindred,Anivia,Senna,Seraphine,Gangplank,Khazix,Orianna,Kaisa,Nautilus,0
Ambessa,Belveth,Viego,Jinx,Alistar,Rumble,Zaahen,Galio,Ashe,Lulu,0
Gangplank,MasterYi,Zed,Ziggs,Alistar,Gnar,Graves,Katarina,Kaisa,Maokai,1
Camille,Poppy,Galio,Kaisa,Leona,Urgot,Shaco,Anivia,Ezreal,Seraphine,0
Rumble,Graves,Ryze,Ashe,Bard,Leblanc,MonkeyKing,Anivia,Caitlyn,Lux,1
Singed,XinZhao,Aurora,Ezreal,Karma,Jayce,Pantheon,Mel,Kaisa,Bard,0
Urgot,Elise,TwistedFate,Yunara,Thresh,Singed,JarvanIV,Anivia,Jhin,Soraka,0
Rumble,Viego,Zaahen,Jhin,Pantheon,Jax,Jayce,Galio,Ezreal,Anivia,1
Jax,Graves,Anivia,Renekton,Poppy,DrMundo,Kindred,Rumble,Varus,Maokai,0
Ambessa,JarvanIV,Mel,Senna,Ezreal,Irelia,Naafiri,Anivia,Ashe,Seraphine,0
Sion,Nidalee,Zed,Draven,Pantheon,Diana,Viego,Anivia,Mel,Pyke,0
Riven,Nocturne,Galio,Cassiopeia,Pantheon,Fiora,MasterYi,AurelionSol,Ezreal,Nautilus,0
Yone,Nidalee,Udyr,Kalista,Rell,Zed,Belveth,Aurora,Caitlyn,Poppy,0
Shen,Nocturne,Yone,Ezreal,Poppy,Yorick,Sylas,Syndra,Corki,Nautilus,0
Sett,LeeSin,Viktor,Yunara,Rell,Irelia,Graves,Mel,Kalista,Poppy,1
Varus,Elise,Yone,Jhin,Zyra,Quinn,Graves,Annie,Kalista,Renata,0
Anivia,Graves,Leblanc,Kalista,Pyke,Olaf,Khazix,Orianna,Yunara,Bard,1
Briar,Viego,Zilean,Vladimir,Neeko,Teemo,Taliyah,Zed,Jhin,Karma,0
Garen,LeeSin,Taliyah,KogMaw,Bard,Chogath,JarvanIV,Aurora,Smolder,Karma,1
Kled,Zac,Akali,Kalista,Leona,Mordekaiser,Pantheon,Anivia,Ashe,Thresh,1
Volibear,JarvanIV,Zoe,Yunara,Poppy,Fiora,LeeSin,Anivia,Ashe,Bard,0
Renekton,MonkeyKing,Orianna,Ashe,Veigar,Rumble,Pantheon,Ryze,Kalista,Bard,1
Gnar,Nocturne,Viktor,Kalista,Renata,Irelia,Talon,Zoe,Ashe,Leblanc,1
Shyvana,LeeSin,Ryze,Kaisa,Alistar,Teemo,Shaco,KogMaw,Kalista,Maokai,0
Jax,Zaahen,Fizz,Yunara,Lulu,DrMundo,JarvanIV,Orianna,Varus,Leona,0
Gragas,Briar,Hwei,Ezreal,Neeko,Jax,LeeSin,Syndra,Kalista,Thresh,1
Aatrox,RekSai,Sylas,Yunara,Lulu,Fiora,Talon,TwistedFate,Varus,Swain,0
Yone,Kindred,Fizz,Jhin,Senna,KSante,Rengar,Xerath,Caitlyn,Nautilus,1
Riven,Graves,Viktor,Yunara,Anivia,Varus,Vi,Orianna,Xayah,Rakan,1
Pantheon,Viego,Yasuo,Hwei,Thresh,Shen,Ekko,Zoe,Lucian,Pyke,1
Aatrox,Viego,Cassiopeia,Sivir,Janna,Yone,Belveth,Ryze,Senna,Nautilus,1
Ornn,LeeSin,Galio,Ashe,Neeko,Fiora,Graves,Mel,Jinx,Lulu,1
Jayce,XinZhao,Azir,Ezreal,Karma,Varus,Jax,Aurora,Yunara,Anivia,1
Fiora,Nunu,Ryze,Lucian,Nami,Quinn,Nidalee,Taliyah,Jinx,Nautilus,1
Renekton,Sylas,Smolder,Ashe,Seraphine,DrMundo,Maokai,Yone,Nilah,Galio,1
Yone,Diana,Qiyana,Ezreal,Karma,Anivia,Ambessa,Yasuo,Ashe,Nautilus,1
Renekton,Ivern,Diana,Aphelios,Nautilus,Malphite,LeeSin,Sylas,Yunara,Lulu,1
Jax,Naafiri,Vladimir,Kalista,Neeko,DrMundo,Pantheon,Viktor,MissFortune,Nautilus,1
Gnar,Pantheon,Viktor,Ashe,Seraphine,Irelia,Olaf,Malzahar,Yunara,Lulu,1
Kennen,Graves,Annie,Kaisa,Pyke,Yorick,Taliyah,Qiyana,Xayah,Rakan,1
Gragas,Ambessa,Azir,Xayah,Rakan,Cassiopeia,Qiyana,Aurora,Twitch,Anivia,0
Jayce,Naafiri,Orianna,Mel,Nautilus,Yasuo,Zyra,Diana,Yunara,Lulu,1
RekSai,LeeSin,Anivia,Aphelios,Thresh,Jayce,FiddleSticks,Gnar,Jhin,Bard,0
Udyr,Ambessa,Ahri,Ezreal,Anivia,Aatrox,FiddleSticks,Akali,Jhin,Karma,0
Shen,Ivern,Cassiopeia,Kaisa,Rell,Anivia,Sylas,Mel,Yunara,Thresh,0
DrMundo,Ambessa,Akali,Jhin,Pyke,Aatrox,Zyra,Talon,Varus,Neeko,1
KSante,Ambessa,Orianna,Ezreal,Karma,Jayce,RekSai,Xerath,Jinx,Nautilus,0
Olaf,Nunu,Anivia,Swain,Bard,Jax,FiddleSticks,Jayce,Yunara,Lulu,0
Kennen,Hecarim,Syndra,Jhin,Karma,Singed,Belveth,Talon,Jinx,Nautilus,0
Shen,XinZhao,Kayle,Jhin,Bard,DrMundo,FiddleSticks,Yone,Nilah,Yuumi,1
Pantheon,XinZhao,Kayle,Jhin,Rell,Rumble,Naafiri,Azir,Yunara,Shen,1
Aurora,Karthus,Qiyana,Jhin,Neeko,Gnar,LeeSin,Lissandra,Sivir,Thresh,1
Renekton,Viego,Leblanc,Aphelios,Nautilus,Kennen,LeeSin,Aurora,Jhin,Pantheon,0
Garen,Caitlyn,Orianna,Jhin,Leona,Teemo,Qiyana,Viktor,Yunara,Pyke,0
Zaahen,Graves,Galio,Kaisa,Qiyana,Yasuo,Gwen,Smolder,Jhin,KSante,0
Renekton,XinZhao,Ahri,Jhin,Pyke,Shen,Ambessa,Vladimir,Kaisa,Rakan,0
Renekton,JarvanIV,Katarina,Senna,Braum,Urgot,Kindred,Mel,Ezreal,Nautilus,1
Urgot,Viego,Orianna,Jhin,Hwei,Gangplank,Riven,Ryze,Jinx,Thresh,1
Jayce,Poppy,Ryze,Jhin,Swain,Gangplank,Belveth,Aurora,Yunara,Lulu,0
Malphite,Viego,Leblanc,Kaisa,Thresh,Sylas,Kindred,Mel,Jhin,Nautilus,0
Jax,Evelynn,Corki,Yunara,Poppy,Garen,Viego,Galio,Jhin,Senna,0
Malzahar,Belveth,Azir,Jhin,Sylas,Anivia,Skarner,Ryze,Kaisa,Nautilus,0
Jayce,Hecarim,Akali,Jhin,Nautilus,Irelia,Graves,Lissandra,Jinx,Leona,1
Yone,JarvanIV,Orianna,Cassiopeia,Poppy,Jayce,Graves,Galio,Jhin,Rell,1
Akali,Kindred,Irelia,Swain,Rell,Sion,LeeSin,Annie,Lucian,Poppy,1
Udyr,Vi,Yone,Jhin,Annie,Cassiopeia,Viego,Galio,Corki,Zoe,0
Heimerdinger,Shaco,Vayne,Yunara,Alistar,Malphite,LeeSin,Yasuo,Jhin,Bard,0
Rumble,Ekko,Jayce,Lucian,Karma,Sion,Nidalee,Viego,Ezreal,Alistar,1
Camille,Vi,Talon,Ezreal,Rell,Jayce,Ambessa,Vex,Yunara,Lulu,0
Varus,RekSai,Ryze,Jhin,Nautilus,Camille,Lillia,Jayce,Mel,Alistar,0
Malphite,LeeSin,Fizz,Ezreal,Anivia,Gnar,Viego,Hwei,Jhin,Alistar,1
Renekton,Skarner,Orianna,Yunara,Lulu,Yorick,LeeSin,Azir,Ashe,Nautilus,1
Katarina,Maokai,Talon,Yunara,Lulu,Annie,Belveth,Akali,Lucian,Karma,1
Shen,JarvanIV,Ryze,Kaisa,Nautilus,Gnar,XinZhao,DrMundo,Ezreal,Karma,1
Rengar,Karthus,Mel,Sivir,Nautilus,Trundle,Hecarim,TwistedFate,Ezreal,Lux,1
Garen,Vi,Ahri,Sivir,Lulu,Aurora,Zyra,Talon,Tristana,Alistar,1
Fiora,Vi,Orianna,Kalista,Brand,Skarner,Graves,Akali,Ezreal,Belveth,1
Jax,Graves,Orianna,Mel,Sion,Lulu,LeeSin,Twitch,Yunara,Senna,0
Yorick,Nidalee,Yone,Ezreal,Anivia,Jayce,Zyra,Tristana,Varus,Nautilus,0
Skarner,JarvanIV,Ryze,Sivir,Lulu,Ambessa,LeeSin,Leblanc,Ezreal,Rakan,0
Gragas,Naafiri,Talon,Yunara,Elise,Jax,Jayce,Yasuo,Ezreal,Anivia,0
Pantheon,Taliyah,Sion,Mel,Camille,Vayne,Nidalee,Yone,Ezreal,Nautilus,0
Ambessa,Nunu,Akshan,Mel,Bard,Kled,Nidalee,Syndra,Jhin,Nautilus,0
Olaf,LeeSin,Vex,Jinx,Karma,Yone,Taliyah,Xerath,Caitlyn,Bard,1
Teemo,LeeSin,Ryze,Sivir,Pyke,Anivia,Ambessa,Quinn,Ezreal,Karma,1
Gangplank,LeeSin,Sylas,Ezreal,Soraka,Ambessa,Kindred,Leblanc,Sivir,Alistar,1
Camille,Evelynn,Jayce,Jhin,Senna,Illaoi,Khazix,Azir,Ezreal,Karma,0
Pantheon,Karthus,Cassiopeia,Jinx,Pyke,Rumble,Viego,Quinn,Jhin,Karma,1
Jayce,Elise,Orianna,Ezreal,Pyke,Shen,Nidalee,Quinn,Ashe,Seraphine,0
Rumble,LeeSin,Quinn,Sivir,Anivia,Jayce,Pantheon,Fizz,Ezreal,Blitzcrank,1
Zaahen,Viego,Lissandra,Jinx,Anivia,Vayne,LeeSin,Ahri,Karthus,Bard,1
Zaahen,Diana,Quinn,Jinx,Lulu,Irelia,Nidalee,Akshan,Tristana,Bard,1
Yorick,Sylas,Lissandra,Jhin,Pantheon,Kennen,Ambessa,Vladimir,Kaisa,Neeko,1
Sion,Ekko,Ambessa,Aphelios,Karma,DrMundo,Karthus,Galio,Varus,Sona,1
Fiora,LeeSin,Leblanc,Jhin,Rell,Kennen,XinZhao,Viktor,Varus,Nautilus,0
Riven,Nocturne,Leblanc,Jhin,Neeko,Aatrox,Karthus,Ahri,Tristana,Nautilus,1
Gangplank,Graves,TwistedFate,Sivir,Bard,Ambessa,Nidalee,Quinn,Ezreal,Nautilus,1
Urgot,Pantheon,Quinn,Ashe,Seraphine,Aatrox,Graves,Aurora,Yunara,Lulu,1
Ornn,Poppy,Syndra,Jinx,Nautilus,Gwen,JarvanIV,Quinn,Sivir,Rell,1
KSante,Shaco,Leblanc,Draven,Nautilus,Sion,FiddleSticks,Talon,Jhin,Elise,1
Irelia,FiddleSticks,Aurora,Sivir,Bard,Vayne,Rengar,Fizz,Yunara,Neeko,0
Jayce,XinZhao,Aurora,Jhin,Bard,Rumble,Vi,Corki,Swain,Pyke,0
Yasuo,Vi,Gwen,Senna,Anivia,Varus,Jayce,Aurora,Smolder,Rakan,0
Lissandra,JarvanIV,Zed,Ezreal,Karma,Yorick,Taliyah,Qiyana,Yunara,Lulu,1
Sion,XinZhao,Lissandra,Yunara,Pantheon,Gwen,JarvanIV,Ryze,MissFortune,Pyke,0
Malphite,RekSai,Ryze,Aphelios,Anivia,Sion,Skarner,Corki,Swain,Pyke,0
Shen,XinZhao,Ryze,Jhin,Bard,Rumble,JarvanIV,Cassiopeia,Ezreal,Karma,0
Lissandra,Nocturne,Azir,Jhin,Bard,Zaahen,Skarner,Hwei,Ezreal,Karma,1
Ambessa,Graves,Mel,Varus,Anivia,Fiora,Pantheon,Aurora,Ezreal,Bard,0
RekSai,Pantheon,Akali,Ashe,Seraphine,Gnar,Ivern,Orianna,Corki,Nami,0
Gwen,Jayce,Orianna,Ezreal,Karma,KSante,Graves,Mel,Ashe,Seraphine,1
Aatrox,Viego,Orianna,Yunara,Xerath,Lissandra,Ambessa,Aurora,Zeri,Anivia,1
Lissandra,LeeSin,Ahri,Yunara,Anivia,Irelia,JarvanIV,Sylas,Ezreal,Bard,1
Ryze,FiddleSticks,Lucian,Ezreal,Bard,Camille,RekSai,Galio,Sivir,Karma,1
Jayce,Viego,Taliyah,Corki,Nami,KSante,Pantheon,Ryze,Lucian,Sona,0
Aurora,Talon,Azir,Ashe,Seraphine,Rumble,Nocturne,Orianna,Jhin,Bard,0
Aatrox,Viego,Galio,Varus,Bard,Malphite,JarvanIV,Tristana,Jhin,Karma,0
Yasuo,RekSai,Galio,Corki,Thresh,Rumble,JarvanIV,Akali,Ashe,Poppy,1
Irelia,Vi,Aurora,Ziggs,Pantheon,Yasuo,LeeSin,Ahri,Yunara,Naafiri,1
Urgot,LeeSin,Diana,Yunara,Lulu,Renekton,Pantheon,Sylas,Ashe,Seraphine,1
Yone,Vi,Aurora,Yunara,Rakan,Akali,Graves,Yasuo,Xayah,Anivia,0
Jayce,Karthus,Ryze,Varus,Poppy,Skarner,Ambessa,Orianna,Sivir,Bard,0
Gwen,Khazix,FiddleSticks,Ezreal,Ashe,Renekton,Viego,Lissandra,Aphelios,Thresh,1
Jax,Zac,Gangplank,Cassiopeia,Anivia,Singed,Graves,Aurora,Jhin,Alistar,1
Yasuo,Nidalee,Qiyana,Lucian,Janna,Jayce,Graves,Aurora,Kaisa,Alistar,1
Rengar,LeeSin,Lissandra,Draven,Nautilus,Jax,FiddleSticks,Yasuo,Cassiopeia,Anivia,0
Kennen,Ambessa,Qiyana,Yunara,Leona,Sion,Zyra,Jayce,Mel,Pantheon,0
Anivia,JarvanIV,Ahri,Varus,Karma,Aatrox,Pantheon,Aurora,Ashe,Seraphine,1
KSante,Talon,Vex,Varus,Seraphine,Gnar,XinZhao,Ryze,Aphelios,Leona,1
Jax,LeeSin,Ahri,Ezreal,Bard,Malphite,Kindred,Yone,Viktor,TwistedFate,1
Rumble,Ambessa,Aurora,Jhin,Pantheon,Varus,JarvanIV,Viktor,Ezreal,Karma,1
Jax,Ambessa,Azir,Yunara,Lulu,Jayce,Zaahen,Leblanc,Ezreal,Braum,0
Gangplank,Nidalee,Veigar,Yunara,Pyke,Ambessa,Graves,Syndra,Chogath,Anivia,0
Renekton,Nidalee,Annie,Tristana,Rell,Jayce,Viego,Aurora,Kalista,Renata,1
Jayce,Naafiri,Aurora,Ashe,Pyke,Sion,Khazix,Anivia,Yunara,Elise,1
Ambessa,MonkeyKing,Anivia,Twitch,Rakan,Jayce,Graves,Vladimir,Cassiopeia,Karma,0
Olaf,Ambessa,TwistedFate,Tristana,Rell,Nidalee,Graves,Gwen,Corki,Anivia,1
KSante,XinZhao,Orianna,Jinx,Karma,Renekton,Chogath,Ryze,Ezreal,Pyke,1
LeeSin,Naafiri,Yasuo,Jhin,Hwei,Rengar,Nocturne,Aurora,Ezreal,Camille,0
Skarner,Camille,Galio,Sivir,Gragas,Gnar,FiddleSticks,Orianna,Ezreal,Alistar,0
Varus,Graves,Leblanc,Velkoz,Shen,Rumble,Talon,Galio,Yunara,Camille,1
Poppy,Viego,Ryze,Yunara,Alistar,Ornn,Ambessa,Fizz,Ezreal,Karma,0
Kled,JarvanIV,Fizz,Kaisa,Bard,KSante,Shyvana,Galio,Kalista,Renata,0
Jayce,Ekko,Galio,Yunara,Blitzcrank,Sion,LeeSin,Orianna,Varus,Anivia,0
Gragas,Ambessa,Ryze,Zeri,Lulu,Aurora,Naafiri,Qiyana,Ezreal,Karma,0
Sion,XinZhao,Viktor,Ezreal,Anivia,Yone,LeeSin,TwistedFate,Yunara,Karma,1
Jax,Jayce,Aurora,Draven,Nautilus,Irelia,JarvanIV,Viktor,Yunara,Rell,1
Jayce,Pantheon,Cassiopeia,Sivir,Nautilus,Sion,LeeSin,Ryze,Ezreal,Nami,1
Rumble,Zyra,Yone,Kaisa,Blitzcrank,Zed,Shen,Fizz,Xayah,Seraphine,0
Warwick,JarvanIV,Fizz,Ziggs,Elise,Zaahen,Kayn,Ryze,Draven,Thresh,1
Fiora,LeeSin,Anivia,Draven,Zyra,Olaf,Brand,Fizz,Kled,Alistar,0
Olaf,Talon,Anivia,Twitch,Poppy,KSante,Viego,Fizz,Kaisa,Leona,0
Skarner,Zaahen,Sylas,Yunara,FiddleSticks,Corki,Hecarim,Fizz,Mel,Leona,0
Ryze,Elise,Fizz,Smolder,Alistar,Vayne,Pantheon,Orianna,Kled,Senna,0
Jayce,Pantheon,Sylas,Aphelios,Blitzcrank,Zaahen,Ekko,Fizz,Varus,Thresh,1
Rumble,Vi,Tristana,Karthus,Blitzcrank,Ryze,Kindred,Fizz,Varus,Lulu,0
Yone,Qiyana,Aurora,Sivir,Pyke,KSante,Viego,Fizz,Twitch,Alistar,0
Jayce,Pantheon,Fizz,Twitch,Alistar,Vayne,Vi,Ahri,Mel,Nautilus,0
Gnar,Nocturne,AurelionSol,Yunara,Thresh,Kled,Ambessa,Fizz,Ezreal,Nautilus,0
Darius,RekSai,Fizz,Cassiopeia,Nautilus,Jayce,XinZhao,Akali,Twitch,Rakan,1
Garen,JarvanIV,Mel,Kaisa,Blitzcrank,Jayce,Graves,Viktor,Jhin,Thresh,0
KSante,MasterYi,Fizz,MissFortune,Maokai,Yone,Sylas,Viktor,Jhin,Ezreal,1
Zac,Graves,Talon,Jhin,Pyke,Vayne,LeeSin,Rumble,Corki,Bard,0
Vayne,JarvanIV,Annie,Ezreal,Bard,Jayce,XinZhao,Aurora,Smolder,Karma,0
Jax,Khazix,Gwen,Ezreal,Bard,Jayce,Ambessa,Akali,Corki,Nami,0
Tristana,FiddleSticks,Yasuo,Cassiopeia,Nautilus,Karthus,Nocturne,Gwen,Yunara,Neeko,1
Vladimir,Ambessa,Aurora,Corki,Bard,Jayce,Pantheon,Leblanc,Varus,Pyke,0
Renekton,Nidalee,KSante,Varus,Bard,Yone,Vi,Azir,Ashe,Anivia,1
KSante,Ambessa,Katarina,Nilah,Senna,Lulu,Talon,Yone,Yunara,Renata,1
Qiyana,LeeSin,Sylas,Sivir,Karma,Jayce,Ambessa,Xerath,Ezreal,Anivia,0
Rumble,XinZhao,Viktor,Yunara,Karma,Yone,JarvanIV,Orianna,Cassiopeia,Pyke,1
Lissandra,JarvanIV,Aurora,Ezreal,Karma,Yorick,RekSai,Ryze,Varus,Anivia,1
Jax,Ambessa,Aurora,Kaisa,Leblanc,Kennen,Vi,Gwen,Ezreal,Braum,0
Jayce,LeeSin,Leblanc,Vayne,Lulu,Rumble,XinZhao,Taliyah,Ashe,Seraphine,1
Renekton,JarvanIV,Lissandra,Senna,Seraphine,Ambessa,Vi,Malzahar,Ezreal,Anivia,1
Aurora,Nidalee,Corki,Jhin,Anivia,Naafiri,LeeSin,Syndra,Mel,Bard,0
Jayce,LeeSin,Aurora,Ezreal,Anivia,Gragas,Olaf,Galio,Sivir,Lulu,0
Ambessa,Udyr,Ryze,Jinx,Karma,KSante,RekSai,Singed,Sivir,Anivia,0
Yorick,Graves,Annie,Aphelios,Rengar,Jax,Kindred,Galio,Ezreal,Karma,0
KSante,Belveth,Singed,Kaisa,Neeko,Katarina,JarvanIV,Yone,Tristana,Pyke,0
Ambessa,Khazix,Corki,Viktor,Kennen,Gragas,Pantheon,Yasuo,Mel,Nautilus,0
Varus,Naafiri,Taliyah,Caitlyn,Elise,Anivia,Poppy,Fizz,Yunara,Karma,1
Yorick,JarvanIV,Azir,Ezreal,Karma,Irelia,Jayce,Anivia,Caitlyn,Bard,1
Jayce,Vi,Taliyah,Yunara,Leblanc,Yorick,Naafiri,Ahri,Jhin,Karma,0
Yone,LeeSin,Aurora,Vladimir,Pantheon,Rengar,Lillia,Zed,Ashe,Seraphine,0
Jayce,LeeSin,Ryze,Swain,Alistar,KSante,Nidalee,Talon,Sivir,Karma,1
Ornn,Graves,Leblanc,Jhin,Karma,Sion,Nidalee,Akali,Ezreal,Neeko,1
Vayne,Vi,Viktor,Cassiopeia,Maokai,KSante,JarvanIV,Yone,Mel,Nautilus,0
Jax,Ekko,Diana,Corki,Bard,Ambessa,JarvanIV,Galio,Ashe,Seraphine,0
Vayne,Nocturne,Ahri,Sivir,Anivia,Lucian,JarvanIV,Syndra,Ezreal,Karma,0
Rumble,JarvanIV,Talon,Twitch,Anivia,Ambessa,Briar,Ahri,Jhin,Poppy,0
Jayce,Khazix,Orianna,Aphelios,Bard,Gangplank,LeeSin,Ahri,Jinx,Karma,1
Volibear,RekSai,Tristana,Mel,Karma,Fiora,Rengar,Vladimir,Sivir,Alistar,0
Maokai,Nunu,Pantheon,Cassiopeia,Nautilus,KSante,Lillia,Jayce,Ashe,Seraphine,1
Khazix,Ivern,Yone,Ezreal,Leona,Anivia,LeeSin,Akali,Kalista,Alistar,1
Fiora,MasterYi,Viktor,Caitlyn,Nautilus,Ivern,Evelynn,Garen,Ezreal,Rakan,0
Malphite,Aatrox,Sion,Cassiopeia,Leona,Pantheon,Lillia,Qiyana,Jhin,Neeko,0
Ivern,Taliyah,Cassiopeia,Kalista,Shen,Fiora,Nidalee,Gangplank,Draven,Lulu,0
Ivern,Nidalee,Talon,Jhin,Karma,Fiora,Ambessa,Taliyah,Varus,Senna,0
Fiora,Nunu,Viego,Varus,Maokai,Ambessa,JarvanIV,Malzahar,Cassiopeia,Nautilus,1
Fiora,Nidalee,Orianna,Ezreal,Rell,Cassiopeia,Vi,AurelionSol,Kaisa,Thresh,0
Irelia,XinZhao,Yasuo,Aphelios,Thresh,Fiora,Ambessa,Orianna,Kaisa,Pantheon,0
Fiora,Kayn,Mel,Aphelios,Maokai,Gnar,Karthus,Qiyana,Jhin,Velkoz,0
Aatrox,Ambessa,Vladimir,Sivir,Karma,Pantheon,JarvanIV,Gragas,Varus,Alistar,0
Darius,Sylas,Vladimir,Sivir,Yuumi,Fiora,Naafiri,Galio,Ezreal,Alistar,0
Gangplank,Graves,Irelia,Ashe,Karma,Fiora,Sylas,Akali,Ezreal,Braum,0
Renekton,Talon,Sylas,Yunara,Nautilus,Fiora,Taliyah,Karma,Xayah,Rell,0
Fiora,XinZhao,Galio,Jinx,Gragas,Renekton,LeeSin,Hwei,Mel,Alistar,0
Malzahar,JarvanIV,Yasuo,Ezreal,KSante,Zaahen,Talon,Syndra,Sivir,Karma,0
Warwick,Sylas,Ambessa,Kaisa,Rakan,Fiora,Vi,Akali,Jhin,Elise,0
Fiora,LeeSin,Lissandra,Jhin,Neeko,Aurora,Nocturne,Ambessa,Ashe,Rakan,0
Rumble,LeeSin,Galio,Kaisa,Nautilus,Ambessa,Pantheon,Taliyah,Ezreal,Rell,0
Aurora,JarvanIV,Orianna,Varus,Poppy,Ambessa,Kindred,Ryze,Cassiopeia,Rell,0
Malphite,LeeSin,Irelia,Mel,Chogath,Akali,JarvanIV,Orianna,Draven,Thresh,1
Anivia,Skarner,Yone,Yunara,Lulu,Tryndamere,LeeSin,Azir,Kaisa,Nautilus,0
Kennen,Skarner,Viktor,Ashe,Seraphine,Lissandra,Graves,TwistedFate,Jhin,Karma,0
DrMundo,Skarner,Akali,Kaisa,Anivia,Yone,Hecarim,Ryze,Corki,Rakan,1
Sion,Olaf,Yone,Jhin,Bard,Cassiopeia,Skarner,Corki,Jinx,Karma,0
Urgot,Rengar,Taliyah,Xayah,Pyke,Ornn,Skarner,Akali,Varus,Poppy,1
Corki,Skarner,Taliyah,Varus,Blitzcrank,Yasuo,Karthus,Sion,Ezreal,Leona,0
Rumble,Viego,Aurora,Jhin,Bard,Shen,Shyvana,Annie,Ashe,Seraphine,0
Ryze,MonkeyKing,Galio,Ezreal,Nami,Jayce,XinZhao,Katarina,Kaisa,Neeko,0
Rumble,LeeSin,Katarina,Kaisa,Renata,Anivia,Graves,Swain,Xayah,Thresh,0
Naafiri,Ambessa,Galio,Jhin,Bard,Renekton,Viego,Varus,Ashe,Seraphine,1
Aurora,Pantheon,Mel,Aphelios,Taric,Irelia,Taliyah,Yone,Yunara,Lulu,0
Anivia,Pantheon,Ahri,Ashe,Thresh,Gnar,Vi,Malzahar,Jinx,Taric,0
Ambessa,Qiyana,TwistedFate,Jhin,Blitzcrank,Anivia,Evelynn,Sion,Ashe,Lulu,0
Aurora,RekSai,Qiyana,Sivir,Braum,Ambessa,XinZhao,Orianna,Kaisa,TahmKench,0
Camille,Ivern,TwistedFate,Ashe,Seraphine,Fiora,DrMundo,Akshan,Lucian,Rell,0
Ambessa,RekSai,Yone,Vladimir,Nautilus,Varus,Vi,Ornn,Yunara,Maokai,0
Aatrox,Gragas,Galio,Yunara,Bard,Jayce,Kindred,Hwei,Caitlyn,Karma,1
Sion,XinZhao,Chogath,Ashe,Taric,Fiora,LeeSin,FiddleSticks,Kaisa,Elise,1
Zed,Evelynn,Renekton,Kaisa,Velkoz,Jayce,Zyra,Talon,Yunara,Maokai,0
Anivia,Khazix,Galio,Xayah,Nautilus,Fiora,Naafiri,Orianna,Yunara,Bard,0
Sion,Kindred,Chogath,Yunara,Yuumi,Renekton,Nidalee,Lucian,Jhin,Karma,1
Rumble,Nocturne,Sion,Yunara,Lulu,Ambessa,JarvanIV,Viktor,Ashe,Seraphine,1
Fiora,JarvanIV,Viego,Sivir,Sona,Jax,LeeSin,Galio,Caitlyn,Zilean,0
Yasuo,Evelynn,Fizz,Ezreal,Karma,Sion,Ambessa,Vex,Jhin,Rell,0
Sion,XinZhao,Azir,Senna,Maokai,Aatrox,Nasus,TwistedFate,Kaisa,Leona,1
Kennen,Naafiri,Orianna,Ezreal,Karma,Gnar,Nidalee,Galio,Kaisa,Sylas,0
Lulu,Naafiri,Anivia,Ezreal,Karma,Udyr,Khazix,Yasuo,Kaisa,Swain,0
Rell,Ambessa,Akali,Nilah,Alistar,Yorick,JarvanIV,Ekko,Yunara,Poppy,1
KSante,LeeSin,Ahri,Ezreal,Pantheon,Vayne,Vi,Mel,Yunara,JarvanIV,1
Ambessa,Karthus,Katarina,Ezreal,Shen,Olaf,Vi,Vex,Yasuo,Alistar,0
Renekton,Vi,Ahri,Ezreal,Soraka,Ambessa,Viego,Sejuani,Jhin,Karma,0
Kennen,Jayce,Lissandra,Ezreal,Pyke,Yorick,Nidalee,Renekton,MissFortune,Blitzcrank,1
Jax,XinZhao,Katarina,Yunara,Neeko,DrMundo,Ambessa,Orianna,Ezreal,Bard,0
Yone,RekSai,Ahri,Ezreal,Senna,Vayne,Zyra,Akshan,Caitlyn,Bard,1
Ambessa,JarvanIV,Ryze,Twitch,Anivia,Maokai,Aatrox,Akshan,Cassiopeia,Nautilus,0
Kled,Sylas,Talon,Jhin,Rell,TahmKench,Nidalee,Yone,Swain,Pantheon,0
Ornn,Aatrox,Akali,Ashe,Anivia,Rumble,DrMundo,Azir,Ezreal,Karma,1
Shen,Khazix,Azir,Twitch,Nautilus,KSante,Viego,Annie,Jhin,Karma,1
Jayce,LeeSin,Sylas,Kaisa,Neeko,Yorick,JarvanIV,Orianna,Yunara,Lulu,1
Aurora,Khazix,Ryze,Yunara,Bard,Rumble,Ambessa,Hwei,Smolder,Nautilus,1
Lissandra,Ambessa,Qiyana,Karthus,Rell,Renekton,Nidalee,Corki,Varus,Nautilus,1
DrMundo,Nocturne,Aurora,Yunara,Nautilus,Fiora,Pantheon,Orianna,Cassiopeia,Rell,0
Gragas,Fizz,Yasuo,Mel,Bard,Malphite,Nidalee,Yone,Ezreal,Neeko,1
Vayne,Taliyah,Akali,Yunara,Lulu,Poppy,Kayn,Zed,Sivir,Neeko,0
Aurora,Vi,Kled,Caitlyn,Elise,DrMundo,Qiyana,Gwen,Varus,Karma,1
Udyr,XinZhao,Katarina,Ezreal,Anivia,Ambessa,JarvanIV,Ekko,Kaisa,Nautilus,0
Gnar,Ambessa,Galio,Aphelios,Thresh,Jayce,Ekko,Corki,Senna,Nautilus,1
Anivia,RekSai,Aurora,Yunara,Nami,Jayce,Skarner,TwistedFate,Ezreal,Bard,0
Jayce,Graves,Aurora,MissFortune,Braum,Fiora,Vi,Ahri,Kaisa,Neeko,0
Jayce,Nidalee,Nunu,Jinx,Thresh,TahmKench,Elise,Akshan,Aphelios,Pantheon,0
Vayne,Nidalee,Galio,Corki,Lux,Renekton,Nunu,Diana,Yunara,Lulu,0
Aurora,LeeSin,Sylas,Sivir,Rakan,Yone,RekSai,AurelionSol,Swain,Alistar,1
Ambessa,Hecarim,Sylas,Kaisa,Nautilus,Maokai,Viego,Veigar,Yunara,Braum,0
Aatrox,Zyra,Qiyana,Varus,Nami,Pantheon,Karthus,Katarina,Yunara,Nautilus,0
Yasuo,Viego,Ryze,Sivir,Nautilus,Jayce,Hecarim,Orianna,Ezreal,Karma,1
Aurora,Pantheon,Anivia,Ezreal,Karma,Irelia,LeeSin,Zoe,Caitlyn,Morgana,0
Jhin,XinZhao,Ahri,Ezreal,Seraphine,Yone,LeeSin,Galio,Lucian,Nami,0
Jayce,XinZhao,Azir,Caitlyn,Bard,Rumble,Vi,Aurora,Yunara,Sona,1
Jayce,JarvanIV,TwistedFate,Varus,Blitzcrank,Kled,Viego,Aurora,Jhin,Alistar,0
Jayce,Nidalee,Akali,Jhin,Yorick,Jax,Pantheon,Talon,Ezreal,Anivia,1
Jayce,JarvanIV,TwistedFate,Varus,Xerath,Ornn,Graves,Aurora,Sivir,Sona,1
Aatrox,Ambessa,Aurora,Aphelios,Alistar,DrMundo,Graves,Zoe,Yunara,Poppy,0
Gnar,Ambessa,Orianna,Ezreal,Alistar,DrMundo,XinZhao,Ryze,Sivir,Poppy,1
Jayce,Skarner,Syndra,Jhin,Blitzcrank,Rumble,Graves,FiddleSticks,Yunara,Leona,0
Riven,Ambessa,Xerath,Aphelios,Lulu,Renekton,Graves,Annie,Yunara,Taric,0
Aurora,Hecarim,Akshan,Kaisa,Nautilus,KSante,Viego,Annie,Ezreal,Karma,0
Kennen,Vi,Tryndamere,Varus,Bard,Fiora,Hecarim,Ryze,Jhin,Nautilus,0
Olaf,Nidalee,Kassadin,Yunara,Lulu,Riven,Rengar,Mel,Senna,Neeko,1
Ambessa,Nidalee,Yone,Kaisa,Pantheon,Jayce,LeeSin,Zoe,Twitch,Nautilus,0
Ambessa,LeeSin,Ryze,Kaisa,Nautilus,Rumble,XinZhao,Ahri,Ashe,Pyke,0
Irelia,Zaahen,Ahri,Jhin,Karma,Ambessa,Vi,Swain,Ashe,Seraphine,1
Ambessa,Pantheon,Leblanc,Sivir,Karma,Zilean,Graves,Azir,Ezreal,Elise,0
Olaf,Shaco,Zoe,Varus,Karma,Jayce,Khazix,AurelionSol,Jhin,Elise,1
Jayce,Nocturne,Sylas,Xerath,Leblanc,Vayne,JarvanIV,Lux,Velkoz,Alistar,0
Jayce,Viego,Zoe,Yunara,Lulu,DrMundo,Graves,Leblanc,Ashe,Seraphine,0
Jayce,JarvanIV,Vex,Ezreal,Bard,Sion,LeeSin,Ahri,Jhin,Pantheon,1
Garen,Naafiri,TwistedFate,Ezreal,Pantheon,Volibear,MasterYi,Vladimir,Kalista,Alistar,1
Zaahen,Pantheon,Anivia,Caitlyn,Pyke,Sion,RekSai,Ahri,Jinx,Karma,0
Kayle,Sylas,Zed,Ezreal,Alistar,Urgot,Naafiri,Galio,Sivir,Kennen,0
Vladimir,Shyvana,Xerath,MissFortune,JarvanIV,Aurora,Ambessa,Ahri,Jhin,Bard,1
Aurora,XinZhao,Katarina,Ezreal,Nautilus,Jayce,JarvanIV,Orianna,Jhin,Karma,0
Jayce,Karthus,Irelia,Ezreal,Pyke,Camille,Shaco,Orianna,Corki,Sylas,1
Camille,Lillia,KSante,Ezreal,Karma,Olaf,Graves,Jayce,Sivir,Nami,1
Ambessa,Zyra,Mel,Aphelios,Karma,Gnar,Graves,Ahri,Varus,Pyke,0
Gnar,Graves,Annie,Varus,Bard,Cassiopeia,Gwen,Talon,Ashe,Lulu,1
Sion,Graves,Ahri,Tristana,Lulu,Aurora,Qiyana,Gragas,MissFortune,Alistar,1
Skarner,Naafiri,Karthus,Sivir,Yuumi,Ornn,Ambessa,Sylas,Varus,Senna,0
Aatrox,LeeSin,Akshan,Yunara,Rakan,Zac,XinZhao,Ryze,Kaisa,Lulu,1
Skarner,Ambessa,Diana,Caitlyn,Bard,Irelia,Khazix,Fizz,Brand,Leona,1
Aatrox,LeeSin,Swain,Ezreal,Bard,Irelia,Graves,Azir,Sivir,Braum,0
Zaahen,Vi,Jayce,Velkoz,Swain,Fiora,LeeSin,Ryze,Caitlyn,Braum,0
Jayce,FiddleSticks,Fizz,Vayne,Leona,Malphite,Evelynn,Qiyana,Swain,Alistar,1
Sion,Taliyah,Mel,Aphelios,Thresh,Olaf,RekSai,Annie,Jinx,Pantheon,0
Jayce,LeeSin,Lissandra,Aphelios,Thresh,Renekton,Ambessa,Mel,Ashe,Braum,1
Ambessa,Kindred,Ziggs,MissFortune,Elise,Jax,Graves,Vex,Kaisa,Rell,0
Aatrox,JarvanIV,Ahri,Jhin,Bard,Sion,Briar,Jayce,Cassiopeia,Elise,1
Sion,JarvanIV,Syndra,Ezreal,Elise,Ambessa,Jayce,Kassadin,Kaisa,Alistar,0
Aurora,Belveth,Mordekaiser,Jhin,Alistar,KSante,Viego,AurelionSol,Ezreal,Elise,1
Corki,MasterYi,Yone,Swain,Lulu,Tryndamere,Sylas,Akali,Yunara,Elise,1
Camille,Taliyah,Zac,Aphelios,Thresh,Nidalee,Viego,Galio,Ezreal,Braum,1
Sion,Nidalee,MasterYi,Ezreal,Lissandra,Skarner,Naafiri,Fizz,Kaisa,Elise,0
Yasuo,JarvanIV,Mel,Ezreal,FiddleSticks,KSante,Nocturne,Viktor,Jhin,Elise,0
KSante,Ambessa,Ahri,Kaisa,Thresh,Skarner,LeeSin,Hwei,Ezreal,Braum,0
Gnar,LeeSin,Leblanc,Caitlyn,Elise,Aurora,JarvanIV,Irelia,Kaisa,Jax,0
Zaahen,Naafiri,Ryze,Ezreal,Pyke,Sion,LeeSin,Hwei,Sivir,Lulu,1
Zaahen,Naafiri,Zoe,Draven,Braum,Rumble,RekSai,Anivia,MissFortune,Elise,0
Aurora,JarvanIV,Qiyana,Jinx,Rakan,Ambessa,Taliyah,Akshan,Senna,Elise,1
Ambessa,Taliyah,Aurora,Ezreal,Lulu,Vladimir,Belveth,Galio,Ashe,Elise,0
Renekton,JarvanIV,Syndra,Jhin,Thresh,Fiora,Nidalee,Galio,Kaisa,Alistar,1
Cassiopeia,Nidalee,Yone,Jhin,Braum,Jayce,Diana,Ambessa,Ashe,Elise,0
Yorick,Sylas,Aurora,Yunara,Taric,Lissandra,XinZhao,Akali,Jinx,Blitzcrank,0
Ambessa,Kindred,Fizz,Jinx,Thresh,Shen,Belveth,Annie,Yunara,Seraphine,1
Jax,Taliyah,Talon,Lucian,Rell,Garen,Naafiri,Ekko,Yunara,JarvanIV,0
Jayce,Graves,Azir,Yunara,Lulu,Shen,Zyra,Talon,Caitlyn,Bard,0
Zaahen,JarvanIV,Orianna,MissFortune,Maokai,Vayne,Pantheon,Taliyah,Caitlyn,Bard,0
KSante,XinZhao,Syndra,Sivir,Anivia,Jayce,Gragas,Yasuo,Ashe,Rammus,1
Jayce,Sylas,Hwei,Jhin,Neeko,Rumble,JarvanIV,Galio,Ashe,Karma,0
Rumble,XinZhao,Galio,Lucian,Senna,Darius,Hecarim,Talon,Caitlyn,Braum,0
Renekton,Ambessa,Qiyana,Senna,Bard,Tryndamere,Zyra,Talon,Varus,Shaco,0
Morgana,Ekko,Vayne,Lucian,Lulu,Jayce,Nidalee,Galio,MissFortune,Rell,0
Darius,Ambessa,Talon,Kaisa,Soraka,Urgot,Volibear,Ahri,Yunara,Sona,0
Warwick,Lillia,Talon,Zeri,Rell,Kennen,LeeSin,Fizz,Corki,Pyke,0
Malphite,LeeSin,Syndra,Yunara,Leona,Olaf,FiddleSticks,Ryze,Ezreal,Yuumi,0
Gnar,Taliyah,Talon,Twitch,Nautilus,Yone,Zyra,Ekko,Kaisa,Alistar,1
Olaf,LeeSin,Ahri,Twitch,Braum,Poppy,Brand,Talon,Kaisa,Neeko,0
Jayce,Graves,Aurora,Yunara,Rell,DrMundo,LeeSin,Ryze,Ashe,Braum,1
Jayce,Graves,Zilean,Ezreal,Nami,Malphite,LeeSin,Lissandra,Sivir,Karma,1
Urgot,LeeSin,Aurora,Jhin,Anivia,Pantheon,Graves,Katarina,Ezreal,Nami,0
Vayne,Zyra,Yone,Varus,Syndra,Yasuo,LeeSin,Akali,Ashe,Anivia,0
Gnar,Ambessa,Talon,Swain,Elise,Jayce,Kayn,Ekko,Ashe,KSante,0
Akali,Naafiri,Lux,Sivir,Bard,Darius,Rengar,Lissandra,Zyra,Soraka,0
Jax,Ambessa,Ryze,Jinx,Swain,Jayce,LeeSin,Yone,Jhin,Thresh,1
Rumble,Ambessa,Yone,Ezreal,Karma,Ryze,Pantheon,Leblanc,Caitlyn,Bard,1
Ambessa,Ivern,Jayce,Ashe,Anivia,Yorick,Kindred,Galio,Yunara,Seraphine,0
Jayce,Pantheon,Ryze,Yunara,Lulu,Shen,Vi,Syndra,Ezreal,Karma,0
Jayce,Ekko,Hwei,Ezreal,Nautilus,Gnar,DrMundo,Leblanc,Draven,Pyke,0
Jayce,Nocturne,Ryze,Jinx,Thresh,KSante,LeeSin,Mel,Aphelios,Rell,0
Gwen,XinZhao,Ahri,Xayah,Rakan,Zaahen,Nocturne,Malzahar,Kaisa,Neeko,0
Ambessa,Nidalee,Yasuo,Mel,Anivia,Skarner,LeeSin,Lissandra,Ashe,Seraphine,0
Ambessa,Vi,Qiyana,Mel,Alistar,Jayce,Naafiri,Akali,Ezreal,Rakan,0
KSante,Pantheon,Neeko,Jinx,Thresh,Vayne,JarvanIV,Galio,Ezreal,Karma,1
Kled,Taliyah,Sion,Ezreal,Soraka,Irelia,Ambessa,Yasuo,Cassiopeia,Maokai,0
Udyr,LeeSin,Ryze,Varus,Galio,Rumble,Vi,Zed,Jhin,Poppy,1
Yorick,Zyra,Vex,Sivir,Alistar,Akali,Taliyah,Jayce,Tristana,Sylas,0
Tryndamere,Nocturne,Orianna,Ashe,Xerath,Fiora,Pantheon,Anivia,Corki,Pyke,1
Renekton,Graves,Aurora,Caitlyn,Bard,Riven,Nocturne,Orianna,Corki,Sylas,0
Gwen,Ambessa,Ryze,Ashe,Karma,Zaahen,XinZhao,Hwei,Ezreal,Nautilus,1
Gnar,Skarner,Azir,Sivir,Bard,Yorick,Ambessa,Ryze,Ezreal,Rumble,1
Fiora,Pantheon,Syndra,Ezreal,Karma,Jax,Nocturne,Hwei,Kaisa,Nautilus,1
Rumble,Evelynn,Yone,Jhin,Sion,Yorick,Elise,Jayce,Kaisa,Skarner,1
Anivia,LeeSin,Yasuo,Varus,Nautilus,Yone,Graves,Orianna,Mel,Bard,1
Vayne,Ivern,Orianna,Jhin,Anivia,Jayce,LeeSin,Hwei,Kaisa,Bard,0
Velkoz,Ivern,Yone,Yunara,Neeko,Irelia,JarvanIV,Orianna,Jinx,Karma,1
Jayce,Graves,Sylas,Corki,Nautilus,Irelia,Olaf,Lissandra,Anivia,Poppy,0
Zaahen,Nidalee,Orianna,Sivir,Pyke,Jayce,Graves,Mel,Varus,Rengar,1
Akali,XinZhao,Zoe,Varus,Anivia,Irelia,LeeSin,Aurora,Caitlyn,Bard,1
Jax,LeeSin,Viktor,Ezreal,Karma,Aurora,Vi,Galio,Kaisa,Rakan,1
Sion,Zyra,Qiyana,Kaisa,Maokai,Yone,Vi,Jayce,Cassiopeia,Hwei,1
Zaahen,Graves,Orianna,Sivir,Neeko,Jax,Nidalee,Nasus,Varus,Alistar,1
Ornn,LeeSin,AurelionSol,Ezreal,Karma,Ambessa,Lillia,Akshan,Yunara,Nautilus,0
Jax,LeeSin,Lissandra,Yunara,Rell,Gnar,Viego,Ahri,Kaisa,Poppy,0
Zaahen,RekSai,Diana,Yunara,Bard,Urgot,Vi,Galio,Corki,Nami,1
Ornn,Graves,Aurora,Yunara,Karma,Zaahen,Khazix,Sylas,Ezreal,Annie,1
Varus,Brand,Yasuo,Jinx,Nautilus,Naafiri,DrMundo,Yone,Mel,Pyke,0
Yasuo,Graves,Syndra,Ashe,Seraphine,Kled,XinZhao,Zilean,Ziggs,Anivia,0
Jayce,LeeSin,Ahri,Kaisa,Nautilus,Yasuo,Zyra,Annie,Ezreal,Karma,0
Gragas,Zed,Corki,Cassiopeia,Pyke,Jayce,Nidalee,Ahri,Jhin,Swain,0
Udyr,Nocturne,Diana,Aphelios,Lulu,Yasuo,Nidalee,Zed,Yunara,Sett,0
Ivern,Nidalee,Jayce,Jhin,Nautilus,KSante,FiddleSticks,Diana,Tristana,Jax,0
Jayce,Zyra,Ahri,Jhin,Janna,Urgot,RekSai,Irelia,Swain,Elise,1
Urgot,Lillia,Yone,Jinx,Lulu,Shen,Graves,Ahri,Lucian,Nami,0
Jayce,Qiyana,Sion,Ezreal,Anivia,Garen,Shyvana,Azir,Yunara,Leona,1
Gnar,Diana,Qiyana,Jinx,Karma,Kayle,LeeSin,Naafiri,Kaisa,Bard,1
Zaahen,Zac,Akali,Varus,Rell,Illaoi,Lillia,Pyke,Tristana,Gragas,1
Gangplank,Talon,Sylas,Yunara,Bard,Zaahen,Aatrox,Yasuo,Senna,Seraphine,0
Irelia,Graves,Orianna,Varus,Karma,Sion,LeeSin,Viktor,Ezreal,Anivia,1
Teemo,Karthus,Qiyana,Sivir,Soraka,Jayce,LeeSin,AurelionSol,Mel,Rell,1
Ivern,Kindred,Yone,Mel,Rell,Gwen,Graves,Vladimir,MissFortune,Pantheon,1
Ambessa,LeeSin,TwistedFate,Aphelios,Thresh,Illaoi,Graves,Ryze,Ashe,Mel,0
Gnar,Nidalee,Annie,Varus,Blitzcrank,Jayce,Viego,Sylas,Yunara,Thresh,1
Fiora,Karthus,Talon,Lucian,Nami,Jayce,LeeSin,Galio,Aphelios,Swain,1
Volibear,LeeSin,Lux,Jhin,Neeko,Gnar,Rengar,Aurora,Heimerdinger,Bard,1
Ambessa,Nocturne,Ahri,Aphelios,Thresh,Jayce,JarvanIV,Akali,Jinx,Braum,0
Gragas,Graves,TwistedFate,Ezreal,Braum,Ambessa,Hecarim,Sylas,Lucian,Elise,0
Ambessa,Viego,Zoe,Jhin,Leona,Renekton,Nocturne,Orianna,Yasuo,Rell,0
KSante,Elise,Galio,Kaisa,Maokai,Vayne,FiddleSticks,Akshan,Jinx,Pyke,0
KSante,Pantheon,Galio,Jhin,Elise,Gwen,Nocturne,Orianna,Ezreal,Bard,1
Jayce,Nocturne,Akshan,Mel,Maokai,Malphite,Viego,Akali,Jhin,Leona,1
Aurora,Graves,Akshan,Chogath,Nautilus,Jayce,Ambessa,Ryze,Jhin,Neeko,1
Azir,Ivern,Viego,Kaisa,Pyke,Kled,Elise,Yone,Ezreal,Karma,1
Garen,Graves,Orianna,Corki,Nami,Fiora,Kindred,Xerath,Jinx,Thresh,0
Sett,JarvanIV,Aurora,Caitlyn,Anivia,Gnar,Nidalee,Ryze,Ezreal,Karma,0
Udyr,LeeSin,Ryze,Ezreal,Leona,Skarner,Kindred,Zoe,Jhin,Pantheon,0
Teemo,Graves,Ahri,Jhin,Thresh,Jayce,Nidalee,Yone,Varus,Rell,0
Zaahen,Ambessa,Singed,Ezreal,Alistar,Pantheon,Taliyah,Yasuo,Yunara,Maokai,1
Irelia,Gragas,Galio,Ashe,Seraphine,KSante,Graves,Yasuo,Varus,Neeko,0
Gnar,JarvanIV,Orianna,Jhin,Rell,DrMundo,Ambessa,Yasuo,Mel,Poppy,1
Singed,Pantheon,Yone,Swain,Alistar,Vayne,Shyvana,Ornn,Yasuo,Gragas,0
Gnar,Sylas,Yasuo,Cassiopeia,Nautilus,Jax,Viego,Ahri,Yunara,Braum,1
Akali,LeeSin,Yone,Kalista,Taric,Lissandra,Karthus,Akshan,Corki,Poppy,0
Renekton,XinZhao,TwistedFate,Kaisa,Skarner,Aatrox,Ekko,Yasuo,Sivir,Zyra,1
Teemo,Zyra,Yasuo,Yunara,Annie,Sion,Ambessa,Orianna,Jinx,Anivia,0
Rumble,Shyvana,Vex,Xayah,Leona,Sion,Sylas,Yasuo,Samira,Maokai,0
Jayce,XinZhao,Sylas,Aphelios,Lulu,Malphite,Nidalee,Yasuo,Varus,Braum,0
Yasuo,Qiyana,Azir,Aphelios,Thresh,Sion,Nidalee,Yone,Ashe,Seraphine,1
Olaf,Taliyah,Yasuo,Sivir,Rakan,Zaahen,Viego,Xerath,Zeri,Alistar,0
Renekton,Warwick,Lissandra,Ezreal,Braum,Rell,Viego,Yasuo,Sivir,Yuumi,0
Ornn,Vi,Ahri,MissFortune,Bard,Camille,XinZhao,Lissandra,Xayah,Rakan,0
Rumble,Vi,Zoe,Sivir,Rakan,KSante,Ambessa,Akali,Ezreal,Anivia,0
Rumble,Zaahen,Diana,Yunara,Lulu,Tryndamere,Graves,Ryze,Jhin,Bard,1
KSante,LeeSin,Orianna,Jhin,Bard,Gnar,Nunu,Viego,Kaisa,Nautilus,0
Gwen,Ekko,Viego,Ezreal,Neeko,Ambessa,Graves,Sylas,Jhin,Bard,1
Sion,Talon,Vex,Lucian,Karma,Skarner,Kindred,Leblanc,Swain,Alistar,0
Yone,Nidalee,Smolder,Senna,Braum,Jayce,Viego,Chogath,Caitlyn,Lux,0
Gangplank,Nidalee,Corki,Senna,Braum,Mordekaiser,Ekko,Akshan,Tristana,Nautilus,1
Vayne,Viego,Aurora,Kaisa,Neeko,Varus,LeeSin,Vladimir,MissFortune,Nautilus,0
Ambessa,JarvanIV,Taliyah,Jhin,Neeko,Teemo,FiddleSticks,Tristana,Jinx,Thresh,1
Rumble,Graves,Zilean,Yunara,Braum,KSante,Ambessa,Taliyah,Ezreal,Leona,0
MonkeyKing,Sylas,Galio,Ezreal,Bard,Mordekaiser,Briar,Tristana,Mel,Alistar,1
Ryze,Kindred,Lissandra,Ezreal,Braum,Vladimir,LeeSin,Orianna,Jhin,Alistar,0
Rumble,Ambessa,Ziggs,Jhin,Thresh,Ryze,Qiyana,Anivia,Cassiopeia,Nautilus,1
Aurora,Ambessa,Syndra,Corki,Rell,Ornn,JarvanIV,Orianna,Tristana,Poppy,0
Mordekaiser,Hecarim,Shen,Kaisa,Rakan,Kennen,XinZhao,Viktor,Yunara,Braum,1
KSante,Ambessa,Lissandra,MissFortune,Maokai,Vayne,Elise,Zed,Ezreal,Nautilus,1
Vayne,Viego,Vex,Kaisa,Alistar,Teemo,RekSai,Garen,Xayah,Rell,1
Vayne,JarvanIV,Hwei,Ezreal,Karma,Ambessa,Ivern,Aurora,Aphelios,Nautilus,0
Lulu,MasterYi,Ekko,Jhin,Karma,Anivia,Graves,Lissandra,Ashe,Pyke,1
Vayne,Lillia,Talon,Yunara,Sion,RekSai,Olaf,Aurora,Mel,Pantheon,1
Udyr,Olaf,Aurora,Yunara,Seraphine,Vayne,FiddleSticks,Diana,Jinx,Lulu,1
Urgot,XinZhao,Orianna,Jinx,Lulu,Tristana,LeeSin,Vex,Yunara,Braum,0
Jax,Ambessa,Mordekaiser,Zeri,Nautilus,Tristana,Amumu,Mel,Kaisa,Yuumi,1
Quinn,Karthus,Zed,Twitch,Nautilus,KSante,Nidalee,Aurora,Yunara,Bard,0
Malphite,Nidalee,Talon,Ezreal,Karma,Vayne,Viego,Galio,Sivir,Thresh,1
Sion,Jax,Orianna,Aphelios,Lulu,Akali,Graves,Syndra,Ashe,Rengar,0
Lulu,Graves,TwistedFate,Jhin,Karma,Jayce,JarvanIV,Galio,Swain,Leona,1
Lulu,Graves,Vladimir,KogMaw,Nautilus,Camille,Sylas,Yone,Draven,Leona,0
Aurora,Graves,Irelia,Ezreal,Karma,Lulu,Pantheon,Mel,Xayah,Elise,1
Jayce,Nidalee,Mel,Aphelios,Swain,Ambessa,Pantheon,Syndra,Yunara,Bard,0
Olaf,Jax,Ryze,Lucian,Karma,Rumble,Talon,Yone,Yunara,Lulu,0
Chogath,Pantheon,Ryze,Jinx,Karma,Irelia,Ambessa,Vladimir,Yunara,Rakan,1
Zaahen,Jax,Akshan,Anivia,Pantheon,Vladimir,XinZhao,Taliyah,Jhin,Nautilus,1
Ryze,LeeSin,Zed,Jhin,Elise,Aatrox,RekSai,Talon,Mel,Karma,0
Cassiopeia,Graves,Yasuo,Jinx,Lulu,Irelia,Pantheon,Yorick,Jhin,Karma,0
Renekton,Viego,Galio,Twitch,Leblanc,DrMundo,Jax,Akali,Heimerdinger,Pantheon,1
Yone,Jax,Ahri,Jhin,Neeko,Rumble,JarvanIV,Viktor,Ashe,Alistar,1
Renekton,Jax,Diana,Ashe,Zyra,Kalista,XinZhao,Xerath,Sivir,Blitzcrank,1
Vladimir,Naafiri,Zoe,Kaisa,Braum,Rumble,Jax,TwistedFate,Jhin,Bard,0
Kled,Jax,Tristana,Caitlyn,Elise,Udyr,Belveth,Malzahar,Lucian,Braum,1
Mel,XinZhao,Ekko,Caitlyn,Sona,Camille,Jayce,TwistedFate,Tristana,Blitzcrank,1
Shen,Talon,Sylas,Xayah,Bard,Yasuo,Ambessa,Qiyana,Yunara,Rakan,1
TahmKench,Graves,Zed,Jhin,Alistar,KSante,Nidalee,Viego,Yunara,Rakan,0
Fiora,Talon,Anivia,Kaisa,Pyke,Ahri,Pantheon,Mel,Yunara,Blitzcrank,0
Akali,Graves,Ahri,Jhin,Karma,Garen,Karthus,Yone,Caitlyn,Lux,0
Shen,LeeSin,Qiyana,Mel,Camille,Vayne,Ambessa,Sylas,Ezreal,Seraphine,1
KSante,LeeSin,Viktor,Yunara,Velkoz,Renekton,Nidalee,Aurora,Xayah,Nautilus,0
Illaoi,Vi,Aurora,Jhin,Elise,Tryndamere,Talon,TwistedFate,Caitlyn,Seraphine,1
Volibear,Kindred,TwistedFate,Yunara,Lulu,Jax,Skarner,Orianna,Jinx,Thresh,0
Ivern,Graves,Hwei,Jhin,Pyke,Olaf,Kindred,Akshan,Swain,Bard,0
Gragas,Viego,Aurora,Varus,Rell,Kennen,LeeSin,Viktor,Sivir,Anivia,0
Poppy,Graves,Katarina,Xerath,Karma,Aatrox,Ambessa,Ahri,Ziggs,Leona,1
Fiora,Nidalee,Sylas,Jhin,Karma,Skarner,XinZhao,Akali,Ashe,Soraka,0
Sejuani,Sylas,Ahri,Lucian,Rell,Ambessa,Shyvana,Ryze,Zeri,Yuumi,1
Camille,Vi,Vex,Aphelios,Poppy,Ornn,Talon,Katarina,Jinx,Nautilus,0
Zaahen,Elise,Hwei,Jinx,Poppy,Rumble,Pantheon,Leblanc,Tristana,Maokai,1
Kaisa,LeeSin,Ryze,Sivir,Alistar,Illaoi,Belveth,Yone,Ezreal,Karma,0
Jax,LeeSin,Ryze,Ezreal,Karma,Singed,Poppy,Azir,Caitlyn,Neeko,1
RekSai,Zed,Hwei,Draven,Pyke,Fiora,Naafiri,Anivia,Ezreal,Alistar,1
Rumble,Graves,Azir,Draven,FiddleSticks,Vladimir,Vi,Ahri,Senna,Ezreal,0
Cassiopeia,Viego,Irelia,Jhin,Anivia,Gnar,Graves,Hwei,Yunara,Leblanc,0
Yasuo,Qiyana,Aurora,Yunara,Yuumi,Renekton,Kindred,Lissandra,Caitlyn,Karma,1
Hwei,Naafiri,Orianna,Jhin,Karma,Vladimir,Kindred,Mel,Ezreal,Pantheon,1
Singed,Vi,Sion,Tristana,Lulu,Yone,LeeSin,Aurora,Ezreal,Pantheon,1
Shen,Lillia,Taliyah,Jinx,Karma,Singed,Viego,Ryze,Ezreal,Leona,0
Sion,RekSai,Veigar,Draven,Nautilus,Vayne,LeeSin,Taliyah,Jhin,Neeko,0
Sion,Ambessa,Katarina,Jhin,Nautilus,Gnar,Graves,Vex,Kaisa,Braum,1
Ornn,Viego,Aurora,Jhin,FiddleSticks,Tryndamere,Hecarim,TwistedFate,Ezreal,Thresh,1
Riven,Graves,Ahri,Sivir,Karma,Gnar,Qiyana,Leblanc,Ezreal,Seraphine,0
Riven,Graves,Zyra,Caitlyn,Sona,Gnar,LeeSin,Tristana,Mel,Morgana,0
Aatrox,XinZhao,Katarina,Yunara,Karma,Renekton,LeeSin,Hwei,Ezreal,Senna,0
Jax,Ambessa,Cassiopeia,Smolder,Leona,Teemo,MasterYi,Taliyah,Kaisa,Lulu,1
Jax,Graves,Gangplank,Xayah,Bard,Vladimir,MasterYi,TwistedFate,Kaisa,Neeko,0
Jayce,JarvanIV,Annie,Kaisa,Elise,Gragas,Naafiri,Tristana,Yunara,Karma,0
Gangplank,Pantheon,Zoe,Ashe,Sona,Gnar,XinZhao,Akali,Jhin,Seraphine,1
Tryndamere,Khazix,Akali,Jhin,Swain,Sylas,LeeSin,Mel,Senna,Maokai,0
Tryndamere,Viego,Ahri,Kaisa,Nautilus,Poppy,Ambessa,Mel,Yunara,Thresh,0
Malphite,Graves,Ahri,Ezreal,Pantheon,Aatrox,Sylas,Leblanc,Lucian,Nautilus,0
Zaahen,Viego,Veigar,Yunara,Thresh,Fiora,Nidalee,Zed,Tristana,Leona,0
Ambessa,LeeSin,Fizz,Mel,Braum,Fiora,Sylas,Chogath,Ezreal,Bard,1
Kennen,Vi,Viktor,Lucian,Taric,Jayce,Jax,Xerath,Mel,Alistar,1
Jayce,Briar,Orianna,Yunara,Lulu,Rumble,Talon,Zed,Varus,Karma,1
Jayce,RekSai,Talon,Kaisa,Nautilus,Lulu,MasterYi,Vex,Jhin,Elise,1
Jax,Graves,Aurora,Smolder,Poppy,Darius,LeeSin,Sylas,Ezreal,Leona,0
Jayce,Pantheon,Neeko,Corki,Pyke,Skarner,LeeSin,Azir,Nilah,Zilean,0
Aatrox,Ekko,Galio,Ashe,Seraphine,Renekton,Sylas,Qiyana,Kaisa,Blitzcrank,1
Ambessa,Zyra,Naafiri,Ezreal,Anivia,Gnar,Nocturne,Sylas,Yunara,Rakan,1
KSante,LeeSin,Katarina,Sivir,Lulu,Gragas,Vi,Ryze,Varus,Karma,1
Ornn,Viego,Zed,Kaisa,Nautilus,DrMundo,Graves,Ahri,Ezreal,Bard,0
Fiora,Viego,Swain,MissFortune,Bard,Jayce,MasterYi,TwistedFate,Kalista,Braum,0
Rumble,Nunu,Ryze,Yasuo,Poppy,Sylas,Sejuani,Talon,Yunara,Alistar,0
Gnar,Graves,Viktor,MissFortune,Bard,TwistedFate,Sylas,Akali,Jhin,Karma,0
Akali,LeeSin,Ryze,Kaisa,Rell,Ambessa,Graves,Ahri,Jhin,Neeko,0
Jayce,Kindred,Galio,Ezreal,Rell,Qiyana,Belveth,Xerath,Kalista,Nautilus,1
Zaahen,LeeSin,Leblanc,AurelionSol,Rell,Rumble,Kindred,Taliyah,Jhin,Alistar,1
Renekton,Zac,Yasuo,Ashe,Milio,MonkeyKing,Ambessa,Pantheon,Mel,Galio,0
Jax,LeeSin,Lissandra,Tristana,Rakan,Anivia,Ambessa,Ryze,Corki,MonkeyKing,1
Jayce,XinZhao,Annie,Lucian,Braum,MonkeyKing,Graves,Aurora,Jhin,Nautilus,1
Volibear,Ambessa,Irelia,Yunara,Nautilus,MonkeyKing,Ekko,Nasus,Tristana,Rell,0
Quinn,Nidalee,Camille,Sivir,Lulu,Kennen,MasterYi,Xerath,Ezreal,Yuumi,1
Sion,LeeSin,Zoe,Corki,Anivia,Fiora,Skarner,Vex,Swain,Karma,0
MonkeyKing,Talon,Akali,Ezreal,Pyke,Ambessa,Naafiri,Leblanc,Jinx,Swain,1
MonkeyKing,Belveth,Diana,Ezreal,Bard,Varus,LeeSin,Mel,MissFortune,Alistar,0
MonkeyKing,Zyra,Zeri,Kaisa,Galio,Shyvana,Graves,Akali,Jinx,Elise,1
Rumble,Vi,Galio,Lucian,Yuumi,Riven,Zyra,Diana,Kaisa,Poppy,1
Riven,Nidalee,Naafiri,Ezreal,Nautilus,Rumble,LeeSin,Vex,Jhin,Karma,0
Gangplank,Pantheon,Anivia,Kaisa,Alistar,MonkeyKing,LeeSin,Aurora,Ezreal,Neeko,0
Singed,Evelynn,Nunu,Corki,Lulu,Riven,Zac,Anivia,Lucian,Nami,0
Sion,LeeSin,Velkoz,Aphelios,Nautilus,Irelia,JarvanIV,Lissandra,Kaisa,MonkeyKing,0
Aatrox,Graves,Mel,Ezreal,Seraphine,MonkeyKing,LeeSin,Viktor,Ashe,Anivia,0
Riven,Vi,Xerath,Kalista,Neeko,Varus,Fizz,Akshan,Jhin,Seraphine,0
MonkeyKing,Naafiri,Ahri,Yunara,Maokai,Gwen,LeeSin,Galio,Ashe,Pyke,0
Akali,Pantheon,Yone,Jhin,Karma,Ambessa,Viego,TwistedFate,Swain,Nautilus,0
Fiora,Jayce,Aurora,Lucian,Swain,Gnar,Briar,Zed,Varus,Galio,1
Ambessa,Nidalee,Tryndamere,Yunara,Braum,Malphite,Belveth,TwistedFate,Kaisa,Nautilus,0
Jayce,Sylas,Fizz,Caitlyn,Braum,Pantheon,Ambessa,Akshan,Tristana,Lulu,0
Riven,Ambessa,Orianna,Ezreal,Karma,Fiora,Nocturne,Xerath,Yunara,Seraphine,1
Renekton,Shyvana,Xerath,Jhin,Rakan,Rengar,Nidalee,Ekko,Jinx,Blitzcrank,0
Sett,LeeSin,TwistedFate,Caitlyn,Neeko,Riven,Viego,Mel,Ezreal,Bard,1
Kennen,RekSai,TwistedFate,Yunara,Bard,Yorick,Talon,Sylas,Sivir,Neeko,1
Yorick,Zyra,Aurora,Ezreal,Bard,Jayce,Ekko,Galio,Aphelios,Thresh,1
Sett,LeeSin,Galio,Sivir,Bard,Gnar,Graves,Sylas,Jhin,Alistar,1
Irelia,Lillia,Sylas,Aphelios,Lulu,Olaf,MonkeyKing,Corki,Ezreal,Thresh,1
Tryndamere,Viego,Orianna,Senna,Rakan,Camille,LeeSin,Ryze,Veigar,Bard,0
Malphite,JarvanIV,Zoe,Yunara,Mel,Yasuo,Rengar,TwistedFate,Caitlyn,Neeko,1
Maokai,Belveth,Ahri,Lucian,Rakan,Gnar,Warwick,Chogath,Corki,Blitzcrank,0
Ambessa,Sylas,Vex,Tristana,Leblanc,Yasuo,Hecarim,Akali,Ziggs,TahmKench,1
Ambessa,Nocturne,Xerath,Jhin,Swain,Jax,Khazix,TwistedFate,Varus,Pantheon,1
Sylas,Graves,Irelia,Corki,Nami,Zed,Elise,Qiyana,Yunara,Lulu,1
Jayce,XinZhao,Aurora,Jhin,Maokai,Gangplank,Kindred,Viktor,Ashe,Thresh,0
Evelynn,Graves,Naafiri,Ezreal,Karma,Renekton,LeeSin,Lissandra,Cassiopeia,Nautilus,1
Sion,Khazix,Hwei,Lucian,Leona,Ornn,Graves,Akshan,Caitlyn,Rell,1
DrMundo,JarvanIV,Ahri,Yunara,Nautilus,Aatrox,Kindred,Kassadin,Jinx,Poppy,0
Sejuani,Viego,Diana,Ashe,Elise,DrMundo,Jax,TwistedFate,Jhin,Pantheon,1
Ambessa,Viego,Evelynn,Vayne,Lulu,Warwick,Hecarim,Ryze,Ezreal,Bard,0
Ambessa,Graves,Orianna,Sivir,Neeko,Jayce,Nidalee,Viktor,Ezreal,Poppy,1
Singed,RekSai,Smolder,Ezreal,Nautilus,Quinn,Nidalee,Corki,Kaisa,Maokai,0
Mordekaiser,Belveth,Akshan,Xayah,Rakan,Aatrox,Nocturne,Zoe,Yunara,Poppy,0
Warwick,JarvanIV,Syndra,Jhin,Poppy,Rumble,Ambessa,Yasuo,Ezreal,Maokai,0
Gnar,LeeSin,Taliyah,Ezreal,Neeko,Ryze,Ambessa,Ahri,Jhin,Shaco,1
Zaahen,JarvanIV,Orianna,Twitch,Leona,Ornn,Viego,AurelionSol,Yunara,Poppy,1
KSante,Ambessa,Lissandra,Yunara,Poppy,Darius,JarvanIV,Fizz,Senna,Soraka,1
Varus,Skarner,Anivia,Kaisa,Maokai,Jayce,Pantheon,Ryze,Ezreal,Nautilus,1
Zac,RekSai,TwistedFate,Yunara,Poppy,Yone,Kindred,Leblanc,Ezreal,Janna,1
Jax,Shen,Taliyah,Yunara,Taric,Kayle,Hecarim,Leblanc,Ezreal,Maokai,0
Gnar,Zyra,Azir,Jhin,Maokai,Sylas,LeeSin,Zed,Corki,Nami,1
Kennen,Evelynn,Sett,Aphelios,Nautilus,Aatrox,Ekko,Yasuo,Jinx,Poppy,0
Ambessa,Kayn,Orianna,Yunara,Sylas,Vladimir,Zac,Yasuo,Kalista,Pantheon,1
Jayce,Nidalee,Veigar,Varus,Blitzcrank,Ivern,Viego,Xerath,Jhin,Maokai,1
KSante,Naafiri,Veigar,Caitlyn,Braum,Gnar,Nunu,Syndra,Lucian,Maokai,0
Shen,Shyvana,Yone,Yunara,Soraka,Aatrox,Zyra,Galio,Jinx,Seraphine,1
Anivia,Talon,Ahri,Mel,Jhin,Yone,Kindred,Azir,Ashe,Seraphine,0
Ambessa,Poppy,Ziggs,Anivia,Elise,Fiora,DrMundo,Syndra,Kaisa,Pyke,1
Aurora,LeeSin,Morgana,Kaisa,Pyke,Vex,Pantheon,Annie,Ezreal,Poppy,0
Jayce,Zyra,Aurora,Ezreal,Maokai,Anivia,Hecarim,Fizz,Jhin,Shen,1
Fiora,XinZhao,Ekko,Yunara,Braum,Darius,Ambessa,Aurora,Caitlyn,Pantheon,0
Anivia,Ambessa,Hwei,Ashe,Maokai,Camille,Kindred,Galio,Yunara,Neeko,0
Anivia,Graves,Akali,Sivir,Karma,Yone,Talon,Ekko,Ezreal,Bard,1
Ambessa,Lillia,Anivia,Jhin,Pantheon,Renekton,Nidalee,Ryze,Yunara,Yuumi,0
Zaahen,Vi,Ahri,Jhin,Thresh,Anivia,Ekko,DrMundo,MissFortune,Nautilus,1
Zaahen,Vi,Ahri,Yunara,Karma,Anivia,Skarner,Yasuo,Corki,Pyke,1
Camille,Naafiri,Gwen,Lucian,Karma,Kled,Nidalee,Zed,Ezreal,Sona,1
Yone,JarvanIV,Ryze,Ashe,Seraphine,Anivia,Jayce,Karthus,Jhin,Nautilus,1
Anivia,LeeSin,Katarina,Sivir,Bard,Mel,Khazix,Jayce,Jinx,Thresh,0
Ambessa,MasterYi,Akali,Yunara,Leona,Anivia,Nidalee,Yone,Draven,Alistar,1
Anivia,LeeSin,Ryze,Yunara,Karma,Jayce,JarvanIV,Orianna,Varus,Bard,0
Ambessa,Diana,Talon,Ezreal,Nautilus,Jayce,Nidalee,KSante,Ashe,Pantheon,1
Anivia,Briar,Syndra,Jhin,Blitzcrank,Gnar,XinZhao,Mel,Kaisa,Nautilus,1
Ambessa,LeeSin,Sylas,Ashe,Blitzcrank,Renekton,Ekko,Taliyah,Jhin,Sona,1
Jax,Briar,Fizz,Jhin,Soraka,Sion,Graves,Ekko,Kaisa,Bard,1
Kennen,XinZhao,Sion,Senna,Braum,Malphite,Briar,Azir,Lucian,Nami,0
Ambessa,Kindred,Heimerdinger,Yunara,Leblanc,Jax,Evelynn,Briar,Lucian,Yuumi,1
Camille,Briar,Ryze,Jinx,Thresh,Riven,Belveth,Viktor,Aphelios,Nautilus,0
Poppy,Briar,Orianna,Aphelios,Milio,Ryze,Shyvana,Akali,Kaisa,Neeko,1
Gwen,Briar,Akali,Jhin,Rammus,Sylas,Skarner,TwistedFate,Kaisa,Pyke,0
KSante,Zac,Qiyana,Jinx,Rakan,Ornn,Briar,Mel,Jhin,Sylas,1
Pantheon,XinZhao,Orianna,Aphelios,Rell,Urgot,Briar,Sylas,Jinx,Bard,0
KSante,Lillia,Sion,Aphelios,Thresh,Malphite,Belveth,Taliyah,Tristana,Rell,0
Malphite,Nunu,Briar,Jhin,Blitzcrank,Nasus,Pantheon,Aurora,Mel,Anivia,0
Naafiri,Briar,Sylas,Sivir,Thresh,Vayne,Shyvana,Ahri,Varus,Maokai,0
Kled,Nidalee,Yasuo,Kaisa,Pyke,Malphite,Briar,Renekton,Twitch,Rakan,1
Jayce,Briar,Vi,Tristana,Yuumi,Garen,Hecarim,Lissandra,Swain,Rell,0
Sejuani,Briar,Pantheon,Mel,Neeko,Skarner,XinZhao,Ekko,Kalista,Sona,0
Fiora,Graves,TwistedFate,Jhin,Anivia,Riven,Briar,Sylas,Corki,Bard,1
Ryze,XinZhao,Sylas,Corki,Anivia,Varus,Taliyah,Naafiri,Caitlyn,Rell,0
Yone,Viego,Annie,Tristana,Nautilus,Irelia,Ambessa,Azir,MissFortune,Alistar,1
Gnar,LeeSin,Ahri,Corki,Nautilus,Jayce,Vi,Ryze,Senna,Leona,1
Aurora,Shyvana,Galio,Sivir,Bard,Rumble,Vi,Syndra,Ezreal,Rakan,1
Skarner,LeeSin,Hwei,Tristana,Lulu,Udyr,Nidalee,Garen,Jinx,Blitzcrank,1
Gnar,JarvanIV,Gwen,Ezreal,Nautilus,Camille,Nidalee,Azir,Jhin,Karma,0
KSante,LeeSin,Galio,Kaisa,Blitzcrank,Gnar,Nidalee,Lissandra,Aphelios,Thresh,1
Belveth,LeeSin,Aurora,Sivir,Lulu,Jax,Maokai,Qiyana,Jhin,Janna,0
Riven,Nunu,Yone,Ezreal,Karma,Aurora,Viego,Lux,Jhin,Swain,0
Vayne,LeeSin,Ahri,Sivir,Yuumi,Ambessa,Viego,Varus,Jhin,Karma,0
Nasus,Zaahen,Ryze,Yunara,Taric,Jayce,Belveth,Aurora,Ezreal,Karma,0
Rumble,Shyvana,Tristana,Karthus,Alistar,Ambessa,Sylas,Vladimir,Corki,Taric,0
Ambessa,Sylas,Talon,Cassiopeia,Taric,Warwick,Vi,Ahri,Mel,Anivia,1
Sion,LeeSin,TwistedFate,Zeri,Senna,Camille,Viego,Ryze,Ezreal,FiddleSticks,0
Vayne,LeeSin,Syndra,Ezreal,Rakan,Irelia,Nidalee,Bard,Yunara,Nautilus,0
Gangplank,Graves,Hwei,Sivir,Karma,Yorick,Zyra,Mel,Ezreal,Rakan,0
KSante,Zyra,Aurora,Varus,Nautilus,Pantheon,LeeSin,Lissandra,Jinx,Bard,0
Rumble,Graves,Galio,Caitlyn,Anivia,Ornn,Ambessa,Ahri,Jhin,Nautilus,0
Ambessa,Ekko,Yone,Ezreal,Braum,Renekton,Vi,Mel,Kaisa,Anivia,1
Renekton,Nocturne,Ryze,Senna,Anivia,Aatrox,Qiyana,Aurora,Ashe,Seraphine,1
Anivia,Qiyana,Katarina,Corki,Neeko,Irelia,Shaco,Orianna,Tristana,Bard,0
Ambessa,RekSai,Vex,Jhin,Bard,Anivia,Nocturne,Mel,Kaisa,Rakan,1
KSante,JarvanIV,Akali,Ezreal,Bard,Vayne,LeeSin,Jayce,MissFortune,Maokai,1
Vayne,Zyra,Zoe,Yunara,Pyke,Gangplank,Graves,Fizz,Jhin,Karma,0
Udyr,Graves,Sylas,Kaisa,Braum,Camille,Shyvana,Galio,Yunara,Nautilus,1
Jax,Khazix,Galio,Ezreal,Soraka,Kennen,Graves,TwistedFate,Jinx,Anivia,1
Jax,Jayce,Lissandra,Yunara,Rell,Gangplank,Kindred,Ryze,Swain,Blitzcrank,0
Gnar,Zyra,Talon,Twitch,Leona,Renekton,Taliyah,Hwei,Jinx,Thresh,0
Singed,LeeSin,Katarina,Sivir,Neeko,Corki,XinZhao,Sylas,Ezreal,Alistar,1
Gnar,Malphite,Qiyana,Smolder,Kennen,Nocturne,LeeSin,Akali,Aphelios,Alistar,0
Teemo,Khazix,Leblanc,Varus,Bard,Darius,Vi,Orianna,Yunara,Naafiri,1
TahmKench,Rengar,Velkoz,Ashe,Swain,Irelia,XinZhao,Aurora,Kaisa,Maokai,1
Illaoi,Ekko,Anivia,Ezreal,Braum,Teemo,RekSai,Ahri,Kaisa,Nautilus,0
Jayce,Ivern,Ahri,Lucian,Elise,Teemo,Nocturne,Galio,Kaisa,Neeko,1
Vladimir,Graves,Akali,Kaisa,Maokai,Aatrox,Viego,Aurora,Jhin,Karma,0
Jayce,Graves,Sylas,Jhin,Karma,Teemo,Jax,Orianna,Ashe,Seraphine,1
Jayce,Graves,Sylas,Jhin,Thresh,KSante,Jax,Akali,Tristana,Maokai,0
Ivern,Zyra,Corki,Jhin,Morgana,Teemo,Kindred,Mel,Ezreal,Maokai,1
Teemo,Jayce,Viktor,Jhin,Hwei,Ambessa,Graves,Xerath,Varus,Thresh,0
Kennen,RekSai,Katarina,Ezreal,Rakan,Teemo,Naafiri,Talon,Sivir,Karma,0
Ambessa,Diana,Vex,Jhin,Karma,Teemo,LeeSin,Vladimir,Lucian,Blitzcrank,0
Fiora,Sejuani,Galio,Kaisa,Poppy,Teemo,Vi,Malzahar,Aphelios,Rell,1
Ambessa,Viego,Diana,Jhin,Zilean,Teemo,Hecarim,Gragas,Ashe,Seraphine,0
Ryze,Graves,Yasuo,Draven,Rakan,Teemo,Vi,Ekko,Lucian,Nautilus,0
Jayce,Elise,Orianna,Sivir,Karma,Teemo,Graves,Galio,Varus,Kennen,1
Teemo,Nocturne,Yone,Yunara,Lulu,KSante,Ambessa,Vex,Mel,Anivia,0
Kennen,Brand,Riven,Jhin,Neeko,Jayce,LeeSin,Xerath,MissFortune,Janna,0
Jayce,Viego,Aurora,Kaisa,Nautilus,Vayne,Graves,Orianna,Ezreal,Elise,0
Vayne,Graves,Sylas,Ezreal,Maokai,Malphite,Nocturne,Gragas,Kaisa,Braum,1
Riven,LeeSin,Ryze,Kaisa,Nautilus,Vayne,Ambessa,Rumble,Ezreal,Alistar,0
Kennen,Graves,KSante,Swain,Nami,Quinn,Ambessa,Zoe,Sivir,Anivia,0
Riven,LeeSin,Ryze,Jhin,Nautilus,Karthus,Graves,Zoe,Kaisa,Neeko,0
Ryze,Ekko,Sylas,Cassiopeia,Camille,Rumble,Graves,Zed,Mel,Rell,0
Tryndamere,Zyra,Qiyana,Mel,Leona,Kennen,Hecarim,Aurora,MissFortune,Taric,1
Vayne,Graves,TwistedFate,Lucian,Pyke,Ambessa,LeeSin,Sylas,Cassiopeia,Leona,1
RekSai,Nocturne,Irelia,Ziggs,Shen,Garen,Ambessa,Sylas,Jhin,Bard,0
Jayce,Graves,Ahri,Yunara,Zilean,Malphite,Sylas,Qiyana,Senna,Rakan,0
Renekton,Graves,Katarina,Yunara,Lulu,Cassiopeia,Pantheon,Annie,Xayah,Bard,0
Fiora,Zaahen,Taliyah,Yunara,Karma,Anivia,Pantheon,Syndra,Jinx,Lulu,0
Gangplank,Ambessa,Orianna,Yunara,Alistar,Zaahen,Graves,Ryze,Swain,Senna,0
Jayce,Zaahen,Galio,Varus,Anivia,Lucian,JarvanIV,Taliyah,Yunara,Leona,1
Renekton,LeeSin,Diana,Varus,Pyke,Ambessa,RekSai,Anivia,Cassiopeia,Shen,0
Rumble,LeeSin,Ahri,Varus,Karthus,Sion,Graves,Aurora,Kaisa,Neeko,0
Gnar,LeeSin,Ryze,Ashe,Seraphine,Aurora,Jayce,Anivia,Jhin,Karma,1
Garen,RekSai,Taliyah,Ashe,Braum,Rumble,Pantheon,Annie,Caitlyn,Rakan,0
Camille,Khazix,Ambessa,Swain,Shaco,Ornn,Graves,Irelia,Yunara,Karma,1
Jayce,XinZhao,Annie,Jinx,Seraphine,KSante,Shyvana,Aurora,Kaisa,Neeko,1
DrMundo,Graves,Orianna,Jhin,Velkoz,Gwen,LeeSin,Ahri,Sivir,Sett,0
Udyr,Vi,Ahri,Yunara,Lulu,Vayne,Nidalee,Annie,Ezreal,Leona,1
Vayne,Zac,Katarina,Ezreal,Nami,Jax,Nidalee,Mel,Varus,Neeko,0
Kled,Talon,Aurora,Ashe,Lulu,Ambessa,Viego,Zoe,Lucian,Nami,0
Malphite,Graves,Kassadin,Lucian,Karma,Gnar,Nidalee,Yone,Jhin,Swain,0
Malphite,Nidalee,Nasus,Jhin,Sona,Cassiopeia,XinZhao,Ryze,Yunara,Lulu,0
Kennen,Talon,Galio,Yunara,Rell,Varus,JarvanIV,TwistedFate,Corki,Sett,1
Irelia,LeeSin,Ryze,Corki,Nami,Akali,Ambessa,Anivia,Yunara,Lulu,0
Rumble,Hecarim,TwistedFate,Kalista,Renata,Sion,Belveth,Aurora,Anivia,Elise,1
Rumble,Graves,Ryze,Tristana,Anivia,Gnar,Khazix,Orianna,Ashe,Seraphine,0
Shen,Ambessa,Ahri,Aphelios,Lulu,Gwen,Kindred,Mel,Yunara,Anivia,1
Jayce,Zyra,Yone,Senna,TahmKench,KSante,Nidalee,Syndra,Varus,Blitzcrank,1
Jayce,Naafiri,Xerath,Jhin,Karma,Ivern,FiddleSticks,Lucian,Ezreal,Seraphine,1
Vayne,JarvanIV,Leblanc,Kalista,Velkoz,KSante,Karthus,Zoe,Ashe,Nautilus,0
Malphite,Nunu,Irelia,Cassiopeia,Leona,Jayce,JarvanIV,Sylas,Jhin,Rell,1
Gwen,Nocturne,Olaf,Yunara,Neeko,Sion,LeeSin,Lux,Corki,Nami,0
Ambessa,Viego,Ryze,Draven,Taric,Renekton,MasterYi,Karma,Yunara,Lulu,1
KSante,JarvanIV,Aurora,MissFortune,Blitzcrank,Irelia,Graves,Azir,Twitch,Pyke,1
Jayce,LeeSin,Sion,Kaisa,Rakan,Ornn,Naafiri,Taliyah,Yunara,Renata,0
Jayce,Zaahen,Ryze,Ezreal,Rell,Yasuo,FiddleSticks,Vladimir,Jinx,Thresh,1
Irelia,FiddleSticks,Vladimir,Xayah,Bard,Ambessa,Jayce,Akali,Jhin,Rell,0
Jax,Udyr,Taliyah,Ezreal,Karma,Kled,Nidalee,Jayce,MissFortune,Nautilus,0
Karma,Shyvana,Sylas,Kaisa,Rell,Jayce,Ivern,Viktor,Jinx,Alistar,0
Yorick,Talon,Diana,Tristana,Pyke,Jax,Nidalee,Jayce,Jhin,Poppy,0
Aatrox,JarvanIV,Lissandra,Yunara,Nautilus,Darius,Belveth,Aurora,Kaisa,Braum,1
Tryndamere,Zaahen,Ahri,Caitlyn,Bard,Ryze,Viego,Orianna,Ezreal,Braum,1
Jayce,Nocturne,Galio,Ezreal,Neeko,Camille,Elise,Yone,Jhin,Nautilus,0
Akali,XinZhao,Tristana,Yunara,Lulu,Yasuo,JarvanIV,Ryze,Draven,Nautilus,0
Varus,XinZhao,Zed,Lucian,Anivia,Malphite,Shyvana,Taliyah,Jhin,Alistar,0
Olaf,Skarner,Kassadin,MissFortune,Bard,Jax,LeeSin,Mel,Samira,Rell,1
Rumble,XinZhao,Ryze,Yunara,Anivia,Ornn,JarvanIV,Orianna,Jhin,Bard,0
Jayce,LeeSin,Singed,Sivir,Bard,Olaf,Nidalee,Talon,Vayne,Sona,0
